rent_price,deposit_cost,year_built,floor,size,type,location,prefecture
99000,0,2015,1/4F,60.00,1LDK Apartment,"TeradochoMuko-shi, Kyoto",Kyoto
68500,50000,1988,3/3F,26.30,1R Apartment,"TanakachoKyoto-shi Nakagyo-ku,",Kyoto
69000,0,2017,2/2F,27.25,1K Apartment,Sagadaikakujimonzen donomaechoKyoto-shi,Kyoto
69000,0,2004,2/2F,19.87,1K Apartment,"NosochoKyoto-shi Fushimi-ku,",Kyoto
85500,50000,1998,5/7F,25.80,1K Apartment,"SatakechoKyoto-shi Shimogyo-ku,",Kyoto
58500,50000,1988,2/3F,19.84,1R Apartment,Ichijoji nishimizuboshichoKyoto-shi,Kyoto
65000,50000,1997,3/4F,18.00,1R Apartment,"NyosuichoKyoto-shi Kamigyo-ku,",Kyoto
70000,50000,1997,2/10F,17.10,1K Apartment,"MyodenjichoKyoto-shi Shimogyo-ku,",Kyoto
66500,50000,1984,3/4F,21.02,1K Apartment,"HonkawarachoKyoto-shi Higashiyama-ku,",Kyoto
66000,50000,1985,4/5F,18.00,1R Apartment,Tanaka monzenchoKyoto-shi,Kyoto
56500,50000,1992,4/4F,18.00,1R Apartment,Takeda KitamitsuguichoKyoto-shi,Kyoto
65000,0,2010,1/2F,19.87,1K Apartment,"TsukinukechoKyoto-shi Kamigyo-ku,",Kyoto
68500,50000,1981,4/4F,18.00,1R Apartment,"FudochoKyoto-shi Nakagyo-ku,",Kyoto
63000,50000,1989,2/2F,18.76,1K Apartment,"HigashitatsumichoKyoto-shi Kamigyo-ku,",Kyoto
69000,50000,1990,3/5F,18.90,1R Apartment,"YamamotochoKyoto-shi Nakagyo-ku,",Kyoto
67000,0,2009,2/3F,19.87,1K Apartment,"ChoshiNagaokakyo-shi, Kyoto",Kyoto
72000,0,2008,2/2F,19.87,1K Apartment,Tanaka satonochichoKyoto-shi,Kyoto
64000,50000,1994,2/3F,17.26,1R Apartment,"SaneichoKyoto-shi Kamigyo-ku,",Kyoto
68500,50000,1988,3/9F,18.48,1K Apartment,"KannonchoKyoto-shi Nakagyo-ku,",Kyoto
58000,0,2007,2/2F,19.87,1K Apartment,"Yawata jikuYawata-shi,",Kyoto
46000,0,2002,2/2F,20.28,1K Apartment,Fukakusaokamedani higashifurugokochoKyoto-shi,Kyoto
73000,0,2008,1/3F,19.87,1K Apartment,Mibu shimomizochoKyoto-shi,Kyoto
47000,0,1998,1/2F,18.48,1K Apartment,"FukakusasujikaibashiminamiKyoto-shi Fushimi-ku,",Kyoto
66000,0,2007,1/3F,19.87,1K Apartment,Mibu kamiotakechoKyoto-shi,Kyoto
69000,0,2017,2/2F,23.65,1K Apartment,"ImazatoNagaokakyo-shi, Kyoto",Kyoto
53000,0,2004,2/2F,19.87,1K Apartment,"MiyamakiKyotanabe-shi, Kyoto",Kyoto
61000,0,2010,1/2F,19.87,1K Apartment,Takano shimizuchoKyoto-shi,Kyoto
67000,0,2009,1/3F,20.81,1K Apartment,Kawashima choshichoKyoto-shi,Kyoto
52000,0,2006,2/2F,19.87,1K Apartment,Ogurisu nakayamadachoKyoto-shi,Kyoto
61000,0,2009,2/3F,19.87,1K Apartment,Mibu shimomizochoKyoto-shi,Kyoto
44000,0,2006,1/3F,19.87,1K Apartment,"TafuseSaga-shi, Saga",Saga
34000,0,2004,1/2F,22.35,1K Apartment,"YaemizoSaga-shi, Saga",Saga
37550,0,2005,2/2F,23.18,1K Apartment,"Honjomachi honjoSaga-shi,",Saga
40550,0,2005,2/2F,26.08,1K Apartment,"Honjomachi honjoSaga-shi,",Saga
38000,0,1982,3/5F,53.96,2LDK Apartment,"Ogimachi matsuoOgi-shi,",Saga
35000,0,1982,4/5F,53.96,3DK Apartment,"Ogimachi matsuoOgi-shi,",Saga
35000,0,1982,4/5F,53.96,3DK Apartment,"Ogimachi matsuoOgi-shi,",Saga
51000,0,1967,2/4F,57.96,3DK Apartment,"ShukumachiTosu-shi, Saga",Saga
35000,0,1982,4/5F,53.96,3DK Apartment,"Ogimachi matsuoOgi-shi,",Saga
38000,0,1982,3/5F,53.96,2LDK Apartment,"Ogimachi matsuoOgi-shi,",Saga
48000,0,1975,1/5F,38.46,2DK Apartment,"ShintenchoImari-shi, Saga",Saga
38000,0,1979,5/5F,53.96,3DK Apartment,"Hasuikemachi kogaSaga-shi,",Saga
40000,0,1982,1/5F,53.96,3DK Apartment,"Ogimachi matsuoOgi-shi,",Saga
39000,0,1979,3/5F,53.96,3DK Apartment,"Hasuikemachi kogaSaga-shi,",Saga
43000,0,1979,2/5F,53.96,3DK Apartment,"Hasuikemachi kogaSaga-shi,",Saga
45500,0,2008,1/4F,19.87,1K Apartment,"ShimmachiKumamoto-shi, Kumamoto",Kumamoto
51500,0,2008,4/4F,19.87,1K Apartment,"NihongiKumamoto-shi, Kumamoto",Kumamoto
43050,0,1998,2/2F,19.87,1K Apartment,"MinamikumamotoKumamoto-shi Chuo-ku,",Kumamoto
45050,0,2008,2/4F,19.87,1K Apartment,"MukaemachiKumamoto-shi Chuo-ku,",Kumamoto
49550,0,2000,2/2F,49.68,2DK Apartment,Shimizu kameimachiKumamoto-shi,Kumamoto
41050,0,2009,2/2F,19.87,1K Apartment,"KasugaKumamoto-shi, Kumamoto",Kumamoto
55050,0,2000,2/2F,49.68,2DK Apartment,"ShinnabeKumamoto-shi, Kumamoto",Kumamoto
50550,0,2008,3/4F,19.87,1K Apartment,"MinamikumamotoKumamoto-shi, Kumamoto",Kumamoto
42050,0,2006,2/2F,20.28,1K Apartment,"KotohirahommachiKumamoto-shi, Kumamoto",Kumamoto
65050,0,2000,2/2F,49.68,2DK Apartment,"KasugaKumamoto-shi, Kumamoto",Kumamoto
43050,0,2008,1/4F,19.87,1K Apartment,"HonjomachiKumamoto-shi, Kumamoto",Kumamoto
44050,0,2010,1/2F,19.87,1K Apartment,"KurokamiKumamoto-shi, Kumamoto",Kumamoto
52050,0,1997,3/3F,33.12,1DK Apartment,"IdenakamaKumamoto-shi, Kumamoto",Kumamoto
40550,0,2008,1/2F,19.87,1K Apartment,"KotohiraKumamoto-shi, Kumamoto",Kumamoto
57550,0,2010,2/2F,50.65,2LDK Apartment,"FukushomachiYatsushiro-shi, Kumamoto",Kumamoto
35000,0,1975,2/5F,38.06,2DK Apartment,"ChikamiKumamoto-shi Minami-ku,",Kumamoto
37000,0,1975,3/5F,38.06,2DK Apartment,"ChikamiKumamoto-shi Minami-ku,",Kumamoto
36000,0,1979,4/5F,39.83,2DK Apartment,Uekimachi iwanoKumamoto-shi,Kumamoto
45000,0,1991,2/5F,53.08,2LDK Apartment,Jonammachi mainoharaKumamoto-shi,Kumamoto
53000,0,2000,5/5F,53.08,2LDK Apartment,"KasugaKumamoto-shi Nishi-ku,",Kumamoto
36000,0,1975,1/5F,38.06,2DK Apartment,"ChikamiKumamoto-shi Minami-ku,",Kumamoto
40000,0,1981,2/5F,53.96,3DK Apartment,"Shiranuhimachi koraUki-shi,",Kumamoto
58000,0,2000,3/5F,53.08,2LDK Apartment,"KasugaKumamoto-shi Nishi-ku,",Kumamoto
41050,0,2000,2/2F,20.28,1K Apartment,"KurokamiKumamoto-shi, Kumamoto",Kumamoto
54000,0,2000,5/5F,53.08,2LDK Apartment,"KasugaKumamoto-shi Nishi-ku,",Kumamoto
35000,0,1975,3/5F,38.06,1LDK Apartment,"ChikamiKumamoto-shi Minami-ku,",Kumamoto
45000,0,1981,2/5F,53.96,3DK Apartment,"Shiranuhimachi koraUki-shi,",Kumamoto
58050,0,2008,2/2F,54.82,2DK Apartment,"Ogawamachi egashiraUki-shi,",Kumamoto
36000,0,1975,1/5F,38.06,2DK Apartment,"ChikamiKumamoto-shi Minami-ku,",Kumamoto
56000,0,2000,1/5F,53.08,3DK Apartment,"KasugaKumamoto-shi Nishi-ku,",Kumamoto
54550,0,2000,2/2F,49.68,2DK Apartment,"SanjochoTakamatsu-shi, Kagawa",Kagawa
44550,0,2000,2/2F,49.68,2DK Apartment,"FuseishichoTakamatsu-shi, Kagawa",Kagawa
44550,0,2000,2/2F,49.68,2DK Apartment,"KitachoTakamatsu-shi, Kagawa",Kagawa
48050,0,2010,2/2F,46.94,1LDK Apartment,"Kokubunjicho niiTakamatsu-shi,",Kagawa
46050,0,2011,2/2F,56.45,2LDK Apartment,"EnzachoTakamatsu-shi, Kagawa",Kagawa
50050,0,2004,2/2F,26.08,1K Apartment,"Ota shimomachiTakamatsu-shi,",Kagawa
49050,0,2000,2/2F,49.68,2DK Apartment,"KitachoTakamatsu-shi, Kagawa",Kagawa
35000,0,1994,5/5F,53.08,2LDK Apartment,"ZotanomadaSanuki-shi, Kagawa",Kagawa
30000,0,1981,1/5F,53.96,3DK Apartment,"KamoshoSanuki-shi, Kagawa",Kagawa
38000,0,1994,1/5F,53.08,3DK Apartment,"ZotanomadaSanuki-shi, Kagawa",Kagawa
48550,0,2001,2/2F,23.18,1K Apartment,"ChokushichoTakamatsu-shi, Kagawa",Kagawa
22000,0,1981,5/5F,53.96,3DK Apartment,"KamoshoSanuki-shi, Kagawa",Kagawa
22000,0,1981,5/5F,53.96,3DK Apartment,"KamoshoSanuki-shi, Kagawa",Kagawa
29000,0,1975,3/5F,33.61,2K Apartment,"KiraiHigashikagawa-shi, Kagawa",Kagawa
26000,0,1975,3/5F,33.61,2K Apartment,"KiraiHigashikagawa-shi, Kagawa",Kagawa
28000,0,1975,4/5F,33.61,2K Apartment,"KiraiHigashikagawa-shi, Kagawa",Kagawa
22000,0,1981,5/5F,53.96,3DK Apartment,"KamoshoSanuki-shi, Kagawa",Kagawa
31000,0,1975,2/5F,33.61,2K Apartment,"KiraiHigashikagawa-shi, Kagawa",Kagawa
27000,0,1975,4/5F,33.61,2K Apartment,"KiraiHigashikagawa-shi, Kagawa",Kagawa
29000,0,1975,2/5F,33.61,2K Apartment,"KiraiHigashikagawa-shi, Kagawa",Kagawa
28000,0,1988,5/5F,53.08,3DK Apartment,"MachidaHigashikagawa-shi, Kagawa",Kagawa
24000,0,1975,5/5F,33.61,2K Apartment,"KiraiHigashikagawa-shi, Kagawa",Kagawa
39000,0,1988,2/5F,53.08,3DK Apartment,"MachidaHigashikagawa-shi, Kagawa",Kagawa
27000,0,1981,4/5F,53.96,3DK Apartment,"KamoshoSanuki-shi, Kagawa",Kagawa
24000,0,1975,5/5F,33.61,2K Apartment,"KiraiHigashikagawa-shi, Kagawa",Kagawa
29000,0,1981,3/5F,53.96,3DK Apartment,"KamoshoSanuki-shi, Kagawa",Kagawa
28000,0,1975,5/5F,33.61,2K Apartment,"KiraiHigashikagawa-shi, Kagawa",Kagawa
24000,0,1975,5/5F,33.61,2K Apartment,"KiraiHigashikagawa-shi, Kagawa",Kagawa
29000,0,1979,5/5F,39.83,2DK Apartment,"Takumacho takumaMitoyo-shi,",Kagawa
30000,0,1975,1/5F,33.61,2K Apartment,"KiraiHigashikagawa-shi, Kagawa",Kagawa
34500,0,1990,1/2F,16.00,1K Apartment,"HaikechoNagoya-shi Nakagawa-ku,",Aichi
60000,0,2003,1/2F,23.18,1K Apartment,"NawamachiTokai-shi, Aichi",Aichi
56500,0,2008,3/3F,20.81,1K Apartment,"InabajihontoriNagoya-shi Nakamura-ku,",Aichi
61500,0,2009,1/3F,20.81,1K Apartment,"MatsubachoNagoya-shi Nakagawa-ku,",Aichi
55000,0,2009,3/4F,20.81,1K Apartment,"MinamimyodaijichoOkazaki-shi, Aichi",Aichi
35500,0,1988,1/2F,16.16,1K Apartment,"JonanchoNagoya-shi Moriyama-ku,",Aichi
57500,0,2005,1/2F,20.28,1K Apartment,"KamiotaiNagoya-shi Nishi-ku,",Aichi
44000,0,2003,1/2F,23.18,1K Apartment,"MizuhochoHanda-shi, Aichi",Aichi
55000,0,2007,1/3F,20.81,1K Apartment,"TsukimichoToyota-shi, Aichi",Aichi
47000,0,2009,1/2F,23.61,1K Apartment,"KamimizunochoSeto-shi, Aichi",Aichi
50000,0,2004,1/2F,22.35,1K Apartment,"YawataChita-shi, Aichi",Aichi
60500,0,2008,1/3F,19.87,1K Apartment,"YamadachoNagoya-shi Kita-ku,",Aichi
72500,0,2018,2/3F,21.92,1K Apartment,"InuidechoNagoya-shi Nakamura-ku,",Aichi
45000,0,2008,1/2F,22.35,1K Apartment,"YawataChita-shi, Aichi",Aichi
54000,0,2009,1/3F,20.81,1K Apartment,"MidorigaokaOkazaki-shi, Aichi",Aichi
46500,0,2008,1/2F,20.72,1K Apartment,"IrohachoNagoya-shi Minato-ku,",Aichi
48000,0,2006,1/2F,23.18,1K Apartment,"Nishidaidocho shimodaidoOwariasahi-shi,",Aichi
50000,0,2004,1/2F,22.35,1K Apartment,"KawabatamachiHekinan-shi, Aichi",Aichi
45000,0,2009,1/2F,26.08,1K Apartment,"AwaraKiyosu-shi, Aichi",Aichi
51000,0,2006,1/2F,22.35,1K Apartment,"OshikamochoToyota-shi, Aichi",Aichi
63000,0,2014,1/2F,30.17,1K Apartment,"ShinikechoHanda-shi, Aichi",Aichi
46500,0,2005,1/2F,19.87,1K Apartment,"MinamihorikoshiNagoya-shi Nishi-ku,",Aichi
37500,0,2003,1/2F,23.18,1K Apartment,"MiyachoGamagori-shi, Aichi",Aichi
50000,0,2009,2/2F,28.02,1K Apartment,"KamikawachoSeto-shi, Aichi",Aichi
64500,0,2009,2/2F,24.75,1K Apartment,"NakamurahommachiNagoya-shi Nakamura-ku,",Aichi
53000,0,2009,1/2F,23.27,1K Apartment,"NishiibarachoSeto-shi, Aichi",Aichi
52500,0,2004,1/2F,22.35,1K Apartment,"NorikuraNagoya-shi Midori-ku,",Aichi
53000,0,2008,2/3F,20.81,1K Apartment,"YabumachiTokai-shi, Aichi",Aichi
58500,0,2008,2/3F,19.87,1K Apartment,"KurumadachoNagoya-shi Showa-ku,",Aichi
59000,0,2009,4/4F,19.87,1K Apartment,"NishiodawarachoToyohashi-shi, Aichi",Aichi
59000,0,2007,1/2F,23.18,1K Apartment,"IzumigaokaUtsunomiya-shi, Tochigi",Tochigi
54550,0,2010,2/2F,46.94,1LDK Apartment,"HirayanagimachiTochigi-shi, Tochigi",Tochigi
44550,0,2000,2/2F,40.95,2DK Apartment,"Fujiokamachi fujiokaTochigi-shi,",Tochigi
51050,0,2010,2/2F,46.94,1LDK Apartment,"TomiokachoSano-shi, Tochigi",Tochigi
48550,0,2006,2/2F,23.61,1K Apartment,"Ohiramachi tomidaTochigi-shi,",Tochigi
42050,0,2002,2/2F,20.28,1K Apartment,"AsakurachoAshikaga-shi, Tochigi",Tochigi
43000,0,2010,,46.94,1LDK Apartment,"YamashitachoAshikaga-shi, Tochigi",Tochigi
44000,0,2010,,20.81,1K Apartment,"KiyosumiUtsunomiya-shi, Tochigi",Tochigi
60550,0,2010,1/3F,22.91,1K Apartment,"EkimaedoriUtsunomiya-shi, Tochigi",Tochigi
48550,0,2004,3/3F,23.18,1K Apartment,"EkiminamichoOyama-shi, Tochigi",Tochigi
41050,0,2002,2/2F,20.28,1K Apartment,"AsakurachoAshikaga-shi, Tochigi",Tochigi
54550,0,2011,2/2F,54.46,2LDK Apartment,"Tsugamachi kassembaTochigi-shi,",Tochigi
54550,0,2005,2/3F,19.87,1K Apartment,"MotoimaizumiUtsunomiya-shi, Tochigi",Tochigi
50550,0,2008,1/3F,20.81,1K Apartment,"EkiminamichoOyama-shi, Tochigi",Tochigi
52550,0,2010,2/2F,46.94,1LDK Apartment,"HirawaOyama-shi, Tochigi",Tochigi
52550,0,1996,2/2F,52.99,2DK Apartment,"NishijonanOyama-shi, Tochigi",Tochigi
49550,0,2008,3/3F,20.81,1K Apartment,"HongochoOyama-shi, Tochigi",Tochigi
50550,0,2003,1/2F,19.87,1K Apartment,"MiyamachiUtsunomiya-shi, Tochigi",Tochigi
46000,0,,,23.61,1K Apartment,"KamiakutsuSakura-shi, Tochigi",Tochigi
41000,0,2005,,20.28,1K Apartment,"FutabaUtsunomiya-shi, Tochigi",Tochigi
43000,0,2008,,23.61,1K Apartment,"YamagawachoAshikaga-shi, Tochigi",Tochigi
39500,0,2007,,23.61,1K Apartment,"HorigomechoSano-shi, Tochigi",Tochigi
43500,0,2007,,28.02,1K Apartment,"TajimachoSano-shi, Tochigi",Tochigi
42000,0,,,19.87,1K Apartment,"NakatomatsurichoUtsunomiya-shi, Tochigi",Tochigi
42000,0,,,20.28,1K Apartment,"SakuraUtsunomiya-shi, Tochigi",Tochigi
39000,0,,,22.35,1K Apartment,"TsurutamachiUtsunomiya-shi, Tochigi",Tochigi
44500,0,2008,,23.61,1K Apartment,"WakamatsuchoSano-shi, Tochigi",Tochigi
46000,0,2005,,23.18,1K Apartment,"AsakurachoAshikaga-shi, Tochigi",Tochigi
40500,0,2006,,23.18,1K Apartment,"Wakamiya kamichoSano-shi,",Tochigi
42500,0,,,23.61,1K Apartment,"TakahagichoSano-shi, Tochigi",Tochigi
74050,0,2002,2/2F,49.68,2DK Apartment,"ZenkojiKofu-shi, Yamanashi",Yamanashi
65050,0,2018,2/3F,26.08,1R Apartment,"TakedaKofu-shi, Yamanashi",Yamanashi
62050,0,2015,1/2F,26.50,1R Apartment,"TenjinchoKofu-shi, Yamanashi",Yamanashi
44050,0,2005,1/2F,23.18,1K Apartment,"KudamachoKofu-shi, Yamanashi",Yamanashi
45050,0,2000,2/2F,20.28,1K Apartment,"TokojimachiKofu-shi, Yamanashi",Yamanashi
54050,0,2006,1/2F,19.87,1K Apartment,"KitaguchiKofu-shi, Yamanashi",Yamanashi
42550,0,1998,2/3F,28.98,1DK Apartment,"Misakacho naritaFuefuki-shi,",Yamanashi
49050,0,1999,2/2F,39.74,2DK Apartment,"Isawacho nakagawaFuefuki-shi,",Yamanashi
41500,0,,,20.28,1K Apartment,"ManzaiKai-shi, Yamanashi",Yamanashi
43500,0,,,23.18,1K Apartment,"IseKofu-shi, Yamanashi",Yamanashi
34500,0,,,23.18,1K Apartment,"ShindenchoKofu-shi, Yamanashi",Yamanashi
37500,0,2000,,20.28,1K Apartment,"ZenkojiKofu-shi, Yamanashi",Yamanashi
44500,0,,,23.18,1K Apartment,"OgasaharaMinamiarupusu-shi, Yamanashi",Yamanashi
36500,0,1999,,20.37,1K Apartment,"FujimiKofu-shi, Yamanashi",Yamanashi
43500,0,2008,,23.27,1K Apartment,"TomitakeshindenKai-shi, Yamanashi",Yamanashi
39500,0,,,23.18,1K Apartment,"TakabatakeKofu-shi, Yamanashi",Yamanashi
41500,0,,,23.18,1K Apartment,"MidorigaokaKofu-shi, Yamanashi",Yamanashi
42500,0,1995,,19.63,1K Apartment,"KamisukiawaraNakakoma-gun Showa-cho,",Yamanashi
43500,0,,,23.18,1K Apartment,"KugawaKofu-shi, Yamanashi",Yamanashi
37500,0,,,21.81,1K Apartment,"YomogisawaKofu-shi, Yamanashi",Yamanashi
43500,0,,,23.18,1K Apartment,"NishidachoKofu-shi, Yamanashi",Yamanashi
45500,0,2009,,20.81,1K Apartment,"JotoKofu-shi, Yamanashi",Yamanashi
43500,0,,,33.12,1DK Apartment,"BarazawaMinamiarupusu-shi, Yamanashi",Yamanashi
45500,0,,,20.28,1K Apartment,"NishiyahataKai-shi, Yamanashi",Yamanashi
41500,0,,,23.18,1K Apartment,"ShimomiyajiMinamiarupusu-shi, Yamanashi",Yamanashi
42500,0,,,23.18,1K Apartment,"KamisonechoKofu-shi, Yamanashi",Yamanashi
44500,0,,,23.18,1K Apartment,"ChoshojichoKofu-shi, Yamanashi",Yamanashi
43500,0,2001,,23.18,1K Apartment,"NakakogawaraKofu-shi, Yamanashi",Yamanashi
38500,0,,,23.18,1K Apartment,"KokuboKofu-shi, Yamanashi",Yamanashi
39500,0,,,19.87,1K Apartment,"KamiishidaKofu-shi, Yamanashi",Yamanashi
65550,0,2012,2/2F,26.09,1K Apartment,"HigashikusatsuKusatsu-shi, Shiga",Shiga
65050,0,2008,2/2F,49.20,2DK Apartment,"Azuchicho shimotoiraOmihachiman-shi,",Shiga
50550,0,2010,2/3F,20.81,1K Apartment,"MotomiyaOtsu-shi, Shiga",Shiga
68050,0,2007,2/2F,40.46,2DK Apartment,"Azuchicho jorakujiOmihachiman-shi,",Shiga
57550,0,2008,2/3F,19.87,1K Apartment,"MinamikusatsuKusatsu-shi, Shiga",Shiga
71050,0,2001,2/2F,49.68,2DK Apartment,"OgakiRitto-shi, Shiga",Shiga
55550,0,2003,2/2F,23.18,1K Apartment,"TaishogunOtsu-shi, Shiga",Shiga
50550,0,1997,2/2F,17.39,1K Apartment,"IchiriyamaOtsu-shi, Shiga",Shiga
64050,0,2005,2/2F,46.37,2DK Apartment,"Azuchicho kamitoyoraOmihachiman-shi,",Shiga
62550,0,2008,2/3F,20.81,1K Apartment,"NishikusatsuKusatsu-shi, Shiga",Shiga
52550,0,2008,2/2F,19.87,1K Apartment,"SerimachiHikone-shi, Shiga",Shiga
68050,0,1999,2/2F,43.06,1SLDK Apartment,"NojiriRitto-shi, Shiga",Shiga
71050,0,2007,1/2F,43.06,1LDK Apartment,"Azuchicho kamitoyoraOmihachiman-shi,",Shiga
71050,0,2016,2/2F,47.20,2DK Apartment,"Azuchicho kamitoyoraOmihachiman-shi,",Shiga
67050,0,2007,2/2F,40.95,2DK Apartment,"Azuchicho jorakujiOmihachiman-shi,",Shiga
51550,0,2007,1/2F,19.87,1K Apartment,"NojichoKusatsu-shi, Shiga",Shiga
60550,0,2011,1/2F,26.08,1K Apartment,"IchimiyakeYasu-shi, Shiga",Shiga
58550,0,2006,2/2F,19.87,1K Apartment,"HonkatataOtsu-shi, Shiga",Shiga
56550,0,2003,1/3F,19.87,1K Apartment,"HigashikusatsuKusatsu-shi, Shiga",Shiga
61550,0,2005,2/2F,23.18,1K Apartment,"TaikojichoHigashiomi-shi, Shiga",Shiga
53550,0,2008,1/2F,23.18,1K Apartment,"HigashinonamichoHikone-shi, Shiga",Shiga
61550,0,2006,2/2F,40.95,2DK Apartment,"Azuchicho shimotoiraOmihachiman-shi,",Shiga
59550,0,2006,2/2F,20.28,1K Apartment,"Yokaichi higashihommachiHigashiomi-shi,",Shiga
51550,0,1998,1/2F,20.28,1K Apartment,"NomuraKusatsu-shi, Shiga",Shiga
55550,0,2005,1/2F,19.87,1K Apartment,"Minakuchicho shimmeiKoka-shi,",Shiga
47550,0,2003,2/2F,23.18,1K Apartment,"YokogiOtsu-shi, Shiga",Shiga
50550,0,2000,2/3F,23.18,1K Apartment,"KusatsuchoKusatsu-shi, Shiga",Shiga
70550,0,2010,2/2F,30.84,1K Apartment,"NojiKusatsu-shi, Shiga",Shiga
60550,0,1997,2/2F,39.74,2DK Apartment,"HonkatataOtsu-shi, Shiga",Shiga
64550,0,2005,2/2F,23.18,1K Apartment,"Takakaicho higashiOmihachiman-shi,",Shiga
49550,0,1999,2/2F,40.95,2DK Apartment,"YurachoOta-shi, Gunma",Gunma
44050,0,2004,2/2F,22.35,1K Apartment,"NarushimachoTatebayashi-shi, Gunma",Gunma
47050,0,2004,2/2F,23.71,1K Apartment,"ShimotajimachoOta-shi, Gunma",Gunma
54550,0,2000,2/2F,46.37,2DK Apartment,"KamisanomachiTakasaki-shi, Gunma",Gunma
56050,0,2007,2/4F,20.81,1K Apartment,"NiijimachoOta-shi, Gunma",Gunma
48550,0,2003,2/2F,23.18,1K Apartment,"NakanoOra-gun Ora-machi,",Gunma
65550,0,2005,2/2F,49.68,2DK Apartment,"KamisanomachiTakasaki-shi, Gunma",Gunma
38550,0,2003,1/2F,23.71,1K Apartment,"Yoshiimachi yoshiiTakasaki-shi,",Gunma
38550,0,2003,2/2F,20.28,1K Apartment,"ShinsakaechoTatebayashi-shi, Gunma",Gunma
48050,0,2000,2/2F,49.68,2DK Apartment,"AmborimachiIsesaki-shi, Gunma",Gunma
56050,0,2010,2/2F,46.94,1LDK Apartment,"TabeichoIsesaki-shi, Gunma",Gunma
52550,0,2018,1/2F,25.17,1K Apartment,"AramakimachiMaebashi-shi, Gunma",Gunma
40000,0,,,23.61,1K Apartment,"NishikubochoIsesaki-shi, Gunma",Gunma
40000,0,,,20.81,1K Apartment,"KawaharamachiMaebashi-shi, Gunma",Gunma
41000,0,2006,,28.02,1K Apartment,"YabuzukachoOta-shi, Gunma",Gunma
32500,0,2005,,23.18,1K Apartment,"MiyamotochoKiryu-shi, Gunma",Gunma
42000,0,2007,,23.61,1K Apartment,"KozukamachiMaebashi-shi, Gunma",Gunma
39000,0,,,23.18,1K Apartment,"KamikoidemachiMaebashi-shi, Gunma",Gunma
40500,0,2009,,23.18,1K Apartment,"Kasakakecho kuguMidori-shi,",Gunma
37000,0,,,23.61,1K Apartment,"IwataOra-gun Itakura-machi,",Gunma
42000,0,,,20.28,1K Apartment,"AramakimachiMaebashi-shi, Gunma",Gunma
41000,0,,,23.18,1K Apartment,"HorishitachoIsesaki-shi, Gunma",Gunma
38500,0,2007,,23.61,1K Apartment,"Omamacho omamaMidori-shi,",Gunma
41000,0,,,23.61,1K Apartment,"AkaboriimaichoIsesaki-shi, Gunma",Gunma
40500,0,2006,,23.61,1K Apartment,"MiyoshichoKiryu-shi, Gunma",Gunma
41500,0,,,23.18,1K Apartment,"SakainochoKiryu-shi, Gunma",Gunma
39500,0,2006,,23.97,1K Apartment,"Kasakakecho azamiMidori-shi,",Gunma
43000,0,2008,,26.08,1K Apartment,"IizukamachiTakasaki-shi, Gunma",Gunma
43000,0,,,20.28,1K Apartment,"RokkumachiMaebashi-shi, Gunma",Gunma
38500,0,2005,,23.18,1K Apartment,"SakainochoKiryu-shi, Gunma",Gunma
37550,0,2005,1/2F,23.18,1K Apartment,"ShimoayashiSendai-shi Aoba-ku,",Miyagi
66550,0,2000,2/2F,49.68,2DK Apartment,"AyashichuoSendai-shi Aoba-ku,",Miyagi
71550,0,2000,2/2F,49.68,2DK Apartment,"KamiyagariSendai-shi Izumi-ku,",Miyagi
62050,0,2003,2/2F,19.87,1K Apartment,"MiyamachiSendai-shi Aoba-ku,",Miyagi
59550,0,2009,2/2F,31.05,1K Apartment,"ShimoayashiSendai-shi Aoba-ku,",Miyagi
68550,0,2007,2/2F,43.06,1LDK Apartment,"AyashihigashiSendai-shi Aoba-ku,",Miyagi
42550,0,2001,2/2F,23.18,1K Apartment,"AyashichuoSendai-shi Aoba-ku,",Miyagi
55550,0,2007,2/2F,23.61,1K Apartment,"HigashisendaiSendai-shi Miyagino-ku,",Miyagi
66550,0,2009,3/3F,20.81,1K Apartment,"MiyamachiSendai-shi Aoba-ku,",Miyagi
46050,0,2006,2/2F,19.87,1K Apartment,"KaigamoriSendai-shi Aoba-ku,",Miyagi
62550,0,2008,2/4F,19.87,1K Apartment,"MiyaginoSendai-shi Miyagino-ku,",Miyagi
39550,0,2004,2/2F,26.08,1K Apartment,"NiidaTagajo-shi, Miyagi",Miyagi
38000,0,2010,,30.00,1K Apartment,"Higashifunabasama(2-chome)Shibata-gun Shibata-machi,",Miyagi
34500,0,2013,,26.57,1K Apartment,"OkumaushibukuroWatari-gun Watari-cho,",Miyagi
40000,0,2013,,37.42,1K Apartment,"KakudaKakuda-shi, Miyagi",Miyagi
45000,0,2013,,26.22,1K Apartment,"AyashichuoSendai-shi Aoba-ku,",Miyagi
43000,0,,,46.94,1LDK Apartment,"IpponsugiKami-gun Kami-machi,",Miyagi
44000,0,,,30.00,1K Apartment,"Hasamacho sanumaTome-shi,",Miyagi
44000,0,2010,,46.94,1LDK Apartment,"KakudaKakuda-shi, Miyagi",Miyagi
37500,0,2015,,23.65,1K Apartment,"AsahiWatari-gun Watari-cho,",Miyagi
37000,0,2013,,26.57,1K Apartment,"FunaokaShibata-gun Shibata-machi,",Miyagi
41000,0,2016,,25.89,1K Apartment,"KajikaKakuda-shi, Miyagi",Miyagi
49550,0,2010,2/2F,19.87,1K Apartment,"KoriyamaSendai-shi Taihaku-ku,",Miyagi
57050,0,2000,2/2F,49.68,2DK Apartment,"KuryuSendai-shi Aoba-ku,",Miyagi
50050,0,2003,2/2F,23.18,1K Apartment,"SakaeSendai-shi Miyagino-ku,",Miyagi
39550,0,2005,2/2F,22.35,1K Apartment,"YamadauenodaichoSendai-shi Taihaku-ku,",Miyagi
59550,0,2008,2/2F,19.87,1K Apartment,"UrashibatamachiSendai-shi Wakabayashi-ku,",Miyagi
57550,0,2006,2/2F,49.20,2DK Apartment,"JonanTagajo-shi, Miyagi",Miyagi
44550,0,1998,1/2F,19.87,1K Apartment,"NishinakadaSendai-shi Taihaku-ku,",Miyagi
54550,0,1999,1/2F,20.28,1K Apartment,"AraiSendai-shi Wakabayashi-ku,",Miyagi
33050,0,2000,1/2F,20.28,1K Apartment,"NitomachiKakegawa-shi, Shizuoka",Shizuoka
45550,0,2001,2/2F,19.87,1K Apartment,"ShimonagakuboSunto-gun Nagaizumi-cho,",Shizuoka
40550,0,2008,2/3F,20.81,1K Apartment,"AsahiShimada-shi, Shizuoka",Shizuoka
47550,0,2000,2/2F,49.68,2DK Apartment,"MatsuokaFuji-shi, Shizuoka",Shizuoka
43550,0,2005,1/2F,21.81,1K Apartment,"KishichoShimada-shi, Shizuoka",Shizuoka
34550,0,1997,3/3F,28.98,1DK Apartment,"KawanarijimaFuji-shi, Shizuoka",Shizuoka
62550,0,2002,2/2F,49.68,2DK Apartment,"KoyashikiYaizu-shi, Shizuoka",Shizuoka
38550,0,2006,2/2F,19.87,1K Apartment,"MasagochoNumazu-shi, Shizuoka",Shizuoka
34550,0,1999,3/3F,20.28,1K Apartment,"OtsukaNumazu-shi, Shizuoka",Shizuoka
45050,0,2005,1/2F,22.35,1K Apartment,"MarikoShizuoka-shi Suruga-ku,",Shizuoka
45550,0,2001,1/2F,23.18,1K Apartment,"MotoichibaFuji-shi, Shizuoka",Shizuoka
48550,0,2003,2/2F,49.68,2DK Apartment,"HigashibaraNumazu-shi, Shizuoka",Shizuoka
50540,0,2000,1/2F,20.28,1K Apartment,"OokaNumazu-shi, Shizuoka",Shizuoka
51550,0,2008,2/2F,40.46,2DK Apartment,"MatsuokaFuji-shi, Shizuoka",Shizuoka
55050,0,2000,2/2F,40.95,2DK Apartment,"HonzawaiHamamatsu-shi Hamakita-ku,",Shizuoka
40550,0,2006,1/3F,19.87,1K Apartment,"SoechichoNumazu-shi, Shizuoka",Shizuoka
43550,0,2009,3/3F,19.87,1K Apartment,"EkikitaYaizu-shi, Shizuoka",Shizuoka
52050,0,2000,2/2F,49.68,2DK Apartment,"YaizuYaizu-shi, Shizuoka",Shizuoka
52550,0,2004,1/2F,23.72,1K Apartment,"GotembaGotemba-shi, Shizuoka",Shizuoka
44050,0,2009,3/3F,19.87,1K Apartment,"EkikitaYaizu-shi, Shizuoka",Shizuoka
51050,0,1997,2/2F,52.99,2DK Apartment,"YakushichoHamamatsu-shi Higashi-ku,",Shizuoka
47050,0,2003,2/2F,19.87,1K Apartment,"ShimotogariSunto-gun Nagaizumi-cho,",Shizuoka
51550,0,2000,2/2F,49.68,2DK Apartment,"MatsuokaFuji-shi, Shizuoka",Shizuoka
46050,0,2010,2/2F,46.94,1LDK Apartment,Kambara koganeShizuoka-shi,Shizuoka
43550,0,2005,2/2F,26.08,1K Apartment,"MatsunagaNumazu-shi, Shizuoka",Shizuoka
47050,0,2002,1/2F,23.18,1K Apartment,"TakayanagiFujieda-shi, Shizuoka",Shizuoka
158000,316000,1992,4/5F,76.30,2LDK Apartment,"TojiShimoda-shi, Shizuoka",Shizuoka
48050,0,2000,2/2F,49.68,2DK Apartment,"ShimodaYaizu-shi, Shizuoka",Shizuoka
39500,0,2010,,19.87,1K Apartment,"NishiasadaHamamatsu-shi Naka-ku,",Shizuoka
36500,0,2010,,19.87,1K Apartment,"NakazawachoHamamatsu-shi Naka-ku,",Shizuoka
66500,0,2018,1/3F,30.57,1R Apartment,"SannomaruMito-shi, Ibaraki",Ibaraki
45050,0,2002,1/2F,23.18,1K Apartment,"YamashitachoHitachiota-shi, Ibaraki",Ibaraki
50050,0,1994,2/2F,22.35,1K Apartment,"TakenochiNaka-shi, Ibaraki",Ibaraki
56050,0,2009,2/2F,46.94,1LDK Apartment,"OkazeriChikusei-shi, Ibaraki",Ibaraki
52550,0,2008,1/2F,43.06,1LDK Apartment,"FujigaokaRyugasaki-shi, Ibaraki",Ibaraki
51550,0,2002,2/2F,23.18,1K Apartment,"KuriyaKashima-shi, Ibaraki",Ibaraki
52550,0,2002,2/2F,23.18,1K Apartment,"KuriyaKashima-shi, Ibaraki",Ibaraki
58050,0,2002,2/2F,23.18,1K Apartment,"Shimotsuma otsuShimotsuma-shi,",Ibaraki
28500,0,,,23.18,1K Apartment,"WatarichoMito-shi, Ibaraki",Ibaraki
47050,0,2002,2/2F,23.18,1K Apartment,"SugayaNaka-shi, Ibaraki",Ibaraki
40500,0,,,23.18,1K Apartment,"WatarichoMito-shi, Ibaraki",Ibaraki
43500,0,,,20.81,1K Apartment,"NakanarusawachoHitachi-shi, Ibaraki",Ibaraki
63050,0,2007,2/2F,43.06,1LDK Apartment,"HasukawarashimmachiTsuchiura-shi, Ibaraki",Ibaraki
49050,0,2008,1/2F,19.87,1K Apartment,"UmezonoTsukuba-shi, Ibaraki",Ibaraki
64550,0,2009,3/4F,20.23,1K Apartment,"MiyamachiMito-shi, Ibaraki",Ibaraki
62550,0,2018,2/3F,26.08,1R Apartment,"SannomaruMito-shi, Ibaraki",Ibaraki
34550,0,2006,2/2F,19.87,1K Apartment,"BunkyoMito-shi, Ibaraki",Ibaraki
62550,58500,2007,2/2F,31.05,1K Apartment,"ToyokamachiJoso-shi, Ibaraki",Ibaraki
55050,0,2009,2/2F,28.02,1K Apartment,"OjimaShimotsuma-shi, Ibaraki",Ibaraki
50050,0,2008,2/2F,23.18,1K Apartment,"IwaiBando-shi, Ibaraki",Ibaraki
55550,0,2009,4/4F,20.81,1K Apartment,"ChuoMito-shi, Ibaraki",Ibaraki
40550,0,2010,2/2F,46.94,1LDK Apartment,"HimegoMito-shi, Ibaraki",Ibaraki
74550,0,2018,2/3F,38.62,1LDK Apartment,"SannomaruMito-shi, Ibaraki",Ibaraki
58050,0,2008,1/2F,19.87,1K Apartment,"KawaguchiTsuchiura-shi, Ibaraki",Ibaraki
50050,0,2003,2/2F,23.18,1K Apartment,"YukiYuki-shi, Ibaraki",Ibaraki
39000,0,1963,4/4F,49.20,3DK Apartment,"NakaneHitachinaka-shi, Ibaraki",Ibaraki
55050,0,2009,1/2F,23.61,1K Apartment,"NishisakuragawaSakuragawa-shi, Ibaraki",Ibaraki
36550,0,2006,1/2F,26.49,1K Apartment,"IshikawaMito-shi, Ibaraki",Ibaraki
51050,0,2004,1/2F,23.18,1K Apartment,"ShimpukujiYuki-shi, Ibaraki",Ibaraki
45050,0,2000,2/2F,40.95,2DK Apartment,"TajirichoHitachi-shi, Ibaraki",Ibaraki
104000,0,2017,4/8F,38.08,1LDK Apartment,"AsatoNaha-shi, Okinawa",Okinawa
66500,0,2015,5/6F,21.31,1K Apartment,"MaejimaNaha-shi, Okinawa",Okinawa
59500,0,2010,3/3F,23.50,1K Apartment,"MatsuoNaha-shi, Okinawa",Okinawa
57500,0,2006,3/3F,23.18,1K Apartment,"OjanaGinowan-shi, Okinawa",Okinawa
55500,0,2020,2/3F,25.10,1K Apartment,"IjuNakagami-gun Nakagusuku-son,",Okinawa
56500,0,2008,3/3F,23.50,1K Apartment,"SobeNaha-shi, Okinawa",Okinawa
47500,0,2012,1/2F,26.37,1K Apartment,"Ozato nakamaNanjo-shi,",Okinawa
127800,0,2022,1/3F,59.91,2LDK Apartment,"GinowanGinowan-shi, Okinawa",Okinawa
54500,0,2013,1/3F,23.48,1K Apartment,"MiharaNaha-shi, Okinawa",Okinawa
45500,0,2008,2/3F,23.50,1K Apartment,"GusukumaUrasoe-shi, Okinawa",Okinawa
65500,0,2006,3/3F,20.28,1K Apartment,"ChatanNakagami-gun Chatan-cho,",Okinawa
61500,0,2017,2/2F,23.18,1K Apartment,"IshikawaUruma-shi, Okinawa",Okinawa
48500,0,2012,3/3F,24.46,1K Apartment,"OjanaGinowan-shi, Okinawa",Okinawa
55500,0,2010,2/3F,22.05,1K Apartment,"MiharaNaha-shi, Okinawa",Okinawa
55500,0,2009,2/2F,23.18,1K Apartment,"TabaUruma-shi, Okinawa",Okinawa
60050,0,2005,2/2F,23.18,1K Apartment,"UmusanomoriNago-shi, Okinawa",Okinawa
55500,0,2008,2/2F,23.18,1K Apartment,"MinamitobaruOkinawa-shi, Okinawa",Okinawa
55500,0,2006,2/3F,20.44,1K Apartment,"KanagusukuNaha-shi, Okinawa",Okinawa
64500,0,2018,4/4F,25.10,1K Apartment,"YorimiyaNaha-shi, Okinawa",Okinawa
54050,0,2011,1/2F,23.18,1K Apartment,"MatsugawaNaha-shi, Okinawa",Okinawa
47500,0,2011,1/2F,23.18,1K Apartment,"SembaruNakagami-gun Nishihara-cho,",Okinawa
55500,0,2010,2/2F,19.87,1K Apartment,"MatsuoNaha-shi, Okinawa",Okinawa
58500,0,2016,2/2F,23.18,1K Apartment,"AgenaUruma-shi, Okinawa",Okinawa
55500,0,2015,1/3F,23.50,1K Apartment,"NakaimaNaha-shi, Okinawa",Okinawa
52500,0,2009,2/2F,23.18,1K Apartment,"KanegusukuShimajiri-gun Haebaru-cho,",Okinawa
49500,0,2005,1/2F,23.18,1K Apartment,"EsuUruma-shi, Okinawa",Okinawa
48500,0,2009,2/2F,23.18,1K Apartment,"KojaOkinawa-shi, Okinawa",Okinawa
67500,0,2009,4/4F,21.41,1K Apartment,"NishiNaha-shi, Okinawa",Okinawa
43050,0,2012,1/3F,26.71,1K Apartment,"MaeharaGinowan-shi, Okinawa",Okinawa
57500,0,2009,2/2F,23.18,1K Apartment,"OnahaNakagami-gun Nishihara-cho,",Okinawa
67050,0,2000,2/2F,49.68,2DK Apartment,"YoshiharaYamagata-shi, Yamagata",Yamagata
58050,0,2000,2/2F,40.95,2DK Apartment,"JimbaminamiYamagata-shi, Yamagata",Yamagata
47050,0,2007,2/2F,22.35,1K Apartment,"AkoyachoYamagata-shi, Yamagata",Yamagata
32000,0,1976,3/5F,39.83,2DK Apartment,"Kubotamachi kubotaYonezawa-shi,",Yamagata
52000,0,1983,1/5F,53.08,3DK Apartment,"TakaradaTsuruoka-shi, Yamagata",Yamagata
43000,0,1990,1/5F,53.08,3DK Apartment,"MitsumadoriNanyo-shi, Yamagata",Yamagata
31000,0,1971,5/5F,33.51,2K Apartment,"TachiyagawaYamagata-shi, Yamagata",Yamagata
46550,0,2000,2/2F,19.87,1K Apartment,"AkoyachoYamagata-shi, Yamagata",Yamagata
46000,0,1992,1/5F,53.08,3DK Apartment,"Banseicho ushimoriYonezawa-shi,",Yamagata
31000,0,1975,4/5F,33.61,2K Apartment,"KamegasakiSakata-shi, Yamagata",Yamagata
40000,0,1990,2/5F,53.08,3DK Apartment,"MitsumadoriNanyo-shi, Yamagata",Yamagata
35000,0,1971,2/5F,33.51,2K Apartment,"TachiyagawaYamagata-shi, Yamagata",Yamagata
38000,0,1990,4/5F,53.08,3DK Apartment,"MitsumadoriNanyo-shi, Yamagata",Yamagata
35000,0,1992,5/5F,53.08,3DK Apartment,"Banseicho ushimoriYonezawa-shi,",Yamagata
32000,0,1976,3/5F,39.83,2DK Apartment,"Kubotamachi kubotaYonezawa-shi,",Yamagata
31000,0,1975,4/5F,33.61,2K Apartment,"KamegasakiSakata-shi, Yamagata",Yamagata
49050,0,2005,1/3F,23.18,1K Apartment,"ItsukamachiYamagata-shi, Yamagata",Yamagata
36000,0,1975,1/5F,33.61,2K Apartment,"KamegasakiSakata-shi, Yamagata",Yamagata
36000,0,1978,1/5F,39.83,2DK Apartment,"RokutaHigashine-shi, Yamagata",Yamagata
38000,0,1978,1/5F,53.96,3DK Apartment,"RokutaHigashine-shi, Yamagata",Yamagata
48000,0,1983,1/5F,53.08,3DK Apartment,"TakaradaTsuruoka-shi, Yamagata",Yamagata
36000,0,1978,1/5F,39.83,2DK Apartment,"RokutaHigashine-shi, Yamagata",Yamagata
45050,0,2008,2/2F,28.02,1K Apartment,"RinsenjiYonezawa-shi, Yamagata",Yamagata
43000,0,1990,2/5F,53.08,3DK Apartment,"MitsumadoriNanyo-shi, Yamagata",Yamagata
35000,0,1978,3/5F,53.96,3DK Apartment,"RokutaHigashine-shi, Yamagata",Yamagata
44000,0,1976,1/5F,51.77,3DK Apartment,"Kubotamachi kubotaYonezawa-shi,",Yamagata
26000,0,1970,3/5F,33.51,2K Apartment,"KitakunomotoTendo-shi, Yamagata",Yamagata
36000,0,1978,2/5F,39.83,2DK Apartment,"RokutaHigashine-shi, Yamagata",Yamagata
44000,0,1992,2/5F,53.08,3DK Apartment,"Banseicho ushimoriYonezawa-shi,",Yamagata
32000,0,1971,3/5F,33.51,2K Apartment,"TachiyagawaYamagata-shi, Yamagata",Yamagata
53500,0,2003,1/2F,19.87,1K Apartment,"YoshidaWakayama-shi, Wakayama",Wakayama
54500,0,2008,2/2F,28.02,1K Apartment,"Koyaguchicho fushiharaHashimoto-shi,",Wakayama
40500,0,2005,1/2F,23.18,1K Apartment,"NakanoshimaWakayama-shi, Wakayama",Wakayama
44500,0,2009,2/2F,23.18,1K Apartment,"KuinoseWakayama-shi, Wakayama",Wakayama
39500,0,1999,2/2F,19.87,1K Apartment,"MukaiWakayama-shi, Wakayama",Wakayama
62550,0,2007,2/2F,49.20,2DK Apartment,"ImbeWakayama-shi, Wakayama",Wakayama
37500,0,2003,1/2F,22.70,1K Apartment,"HiraiWakayama-shi, Wakayama",Wakayama
46500,0,2008,2/2F,23.61,1K Apartment,"OtaniWakayama-shi, Wakayama",Wakayama
51000,0,2002,1/2F,23.18,1K Apartment,"HatakeIwade-shi, Wakayama",Wakayama
38500,0,2007,1/2F,20.28,1K Apartment,"HiraiWakayama-shi, Wakayama",Wakayama
54500,0,2008,1/2F,23.61,1K Apartment,"Sudacho shimohyogoHashimoto-shi,",Wakayama
46500,0,2004,2/2F,26.08,1K Apartment,"IchishojiWakayama-shi, Wakayama",Wakayama
39500,0,2008,1/2F,23.18,1K Apartment,"SakaedaniWakayama-shi, Wakayama",Wakayama
41500,0,2002,1/2F,23.18,1K Apartment,"SakaedaniWakayama-shi, Wakayama",Wakayama
48500,0,2008,1/2F,20.28,1K Apartment,"NishikuramaechoWakayama-shi, Wakayama",Wakayama
61500,0,2007,1/2F,23.18,1K Apartment,"KishigamiHashimoto-shi, Wakayama",Wakayama
35500,0,2002,1/2F,23.18,1K Apartment,"NogawaWakayama-shi, Wakayama",Wakayama
45500,0,2004,2/2F,19.87,1K Apartment,"KobitomachiminaminochoWakayama-shi, Wakayama",Wakayama
57000,0,2010,1/2F,40.26,1LDK Apartment,"NogawaWakayama-shi, Wakayama",Wakayama
36500,0,2007,1/2F,23.18,1K Apartment,"SakaedaniWakayama-shi, Wakayama",Wakayama
46500,0,2008,2/3F,23.18,1K Apartment,"KitadejimaWakayama-shi, Wakayama",Wakayama
46500,0,2004,2/2F,22.35,1K Apartment,"KimiideraWakayama-shi, Wakayama",Wakayama
43500,0,2006,1/2F,23.60,1K Apartment,"KinomotoWakayama-shi, Wakayama",Wakayama
51500,0,2010,1/2F,21.20,1K Apartment,"KubochoWakayama-shi, Wakayama",Wakayama
49500,0,2003,1/2F,19.87,1K Apartment,"OdaWakayama-shi, Wakayama",Wakayama
48550,0,1999,2/2F,19.87,1K Apartment,"KozakiWakayama-shi, Wakayama",Wakayama
49550,0,2000,2/2F,40.95,2DK Apartment,"HoshiyaWakayama-shi, Wakayama",Wakayama
58550,0,2006,2/2F,49.68,2DK Apartment,"Matsue kitaWakayama-shi,",Wakayama
48500,0,2008,2/2F,28.02,1K Apartment,"IchishojiWakayama-shi, Wakayama",Wakayama
41500,0,2008,2/2F,19.87,1K Apartment,"Kitashin bakuromachiWakayama-shi,",Wakayama
54000,0,2015,1/2F,20.03,1K Apartment,"WakabachoSasebo-shi, Nagasaki",Nagasaki
55000,0,2011,1/2F,25.06,1K Apartment,"ShirahaechoSasebo-shi, Nagasaki",Nagasaki
50000,0,2009,2/2F,19.87,1K Apartment,"KatsutomichoSasebo-shi, Nagasaki",Nagasaki
46000,0,2007,1/2F,19.87,1K Apartment,"InarichoSasebo-shi, Nagasaki",Nagasaki
50550,0,2007,1/2F,19.87,1K Apartment,"GionchoSasebo-shi, Nagasaki",Nagasaki
37550,0,2007,2/2F,19.87,1K Apartment,"NishikiNagasaki-shi, Nagasaki",Nagasaki
52550,0,2011,1/2F,29.47,1K Apartment,"ShirahaechoSasebo-shi, Nagasaki",Nagasaki
55550,0,2014,2/2F,26.50,1R Apartment,"YamazumichoSasebo-shi, Nagasaki",Nagasaki
41000,0,2010,,19.87,1K Apartment,"KamikoshimaNagasaki-shi, Nagasaki",Nagasaki
52550,0,2019,1/2F,22.54,1K Apartment,"IwamimachiNagasaki-shi, Nagasaki",Nagasaki
57550,0,2007,2/2F,19.87,1K Apartment,"AsahimachiNagasaki-shi, Nagasaki",Nagasaki
60550,0,2015,1/4F,27.80,1R Apartment,"KatsutomichoSasebo-shi, Nagasaki",Nagasaki
53550,0,2009,1/2F,19.87,1K Apartment,"ImabukuchoSasebo-shi, Nagasaki",Nagasaki
58550,0,2008,2/2F,23.18,1K Apartment,"TenjinSasebo-shi, Nagasaki",Nagasaki
43000,0,1974,1/5F,33.54,2K Apartment,"HinamigoNishisonogi-gun Togitsu-cho,",Nagasaki
44000,0,1974,1/5F,33.54,2K Apartment,"HinamigoNishisonogi-gun Togitsu-cho,",Nagasaki
39000,0,,,20.28,1K Apartment,"NishitogitsugoNishisonogi-gun Togitsu-cho,",Nagasaki
37000,0,2003,,23.71,1K Apartment,"Ainomachi koUnzen-shi,",Nagasaki
39000,0,,,20.28,1K Apartment,"EbiraNagasaki-shi, Nagasaki",Nagasaki
33000,0,,,19.87,1K Apartment,"NishikiNagasaki-shi, Nagasaki",Nagasaki
35000,0,,,19.87,1K Apartment,"NishikitamachiNagasaki-shi, Nagasaki",Nagasaki
42000,0,,,19.87,1K Apartment,"MinamimachiNagasaki-shi, Nagasaki",Nagasaki
34000,0,,,19.87,1K Apartment,"NishiyamahommachiNagasaki-shi, Nagasaki",Nagasaki
33000,0,2007,,19.87,1K Apartment,"NishikiNagasaki-shi, Nagasaki",Nagasaki
40000,0,2005,,19.87,1K Apartment,"KamikoshimaNagasaki-shi, Nagasaki",Nagasaki
33000,0,,,19.87,1K Apartment,"TsujimachiNagasaki-shi, Nagasaki",Nagasaki
36000,0,2007,,19.87,1K Apartment,"NameshiNagasaki-shi, Nagasaki",Nagasaki
41000,0,2002,,20.28,1K Apartment,"YanohiraNagasaki-shi, Nagasaki",Nagasaki
34000,0,2007,,19.87,1K Apartment,"NameshiNagasaki-shi, Nagasaki",Nagasaki
39000,0,,,19.87,1K Apartment,"OkitamachiOmura-shi, Nagasaki",Nagasaki
50550,0,2003,1/2F,19.87,1K Apartment,"HigashidoriAkita-shi, Akita",Akita
56550,0,2006,2/2F,20.28,1K Apartment,"Higashidori nakamachiAkita-shi,",Akita
39550,0,2002,1/3F,23.18,1K Apartment,"Higashidori nakamachiAkita-shi,",Akita
44550,0,2004,2/2F,19.87,1K Apartment,"Senshu jokamachiAkita-shi,",Akita
25000,0,1983,5/5F,53.08,3DK Apartment,"NishimonaiOgachi-gun Ugo-machi,",Akita
26000,0,1975,4/5F,33.61,2K Apartment,"ShimizuchoYuzawa-shi, Akita",Akita
42000,0,1979,1/5F,39.83,2DK Apartment,"HirasawaNikaho-shi, Akita",Akita
45000,0,1987,4/5F,53.08,3DK Apartment,"Tsuchizakiminato nishiAkita-shi,",Akita
35000,0,1976,2/5F,38.06,2DK Apartment,"Iitagawa iizukaKatagami-shi,",Akita
34000,0,1979,5/5F,39.83,2DK Apartment,"HirasawaNikaho-shi, Akita",Akita
25000,0,1975,5/5F,33.61,2K Apartment,"ShimizuchoYuzawa-shi, Akita",Akita
44000,0,1998,3/3F,53.50,3DK Apartment,"TochiyaDaisen-shi, Akita",Akita
37000,0,1976,1/5F,38.06,2DK Apartment,"Iitagawa iizukaKatagami-shi,",Akita
25000,0,1983,5/5F,53.08,3DK Apartment,"NishimonaiOgachi-gun Ugo-machi,",Akita
26000,0,1975,4/5F,33.61,2K Apartment,"ShimizuchoYuzawa-shi, Akita",Akita
26000,0,1983,5/5F,53.08,3DK Apartment,"NishimonaiOgachi-gun Ugo-machi,",Akita
43000,0,1988,5/5F,53.08,3DK Apartment,"Araya matsumimachiAkita-shi,",Akita
35000,0,1976,2/5F,38.06,2DK Apartment,"Iitagawa iizukaKatagami-shi,",Akita
27000,0,1969,3/4F,28.98,2K Apartment,"OsumiAkita-shi, Akita",Akita
28000,0,1983,2/5F,53.08,3DK Apartment,"NishimonaiOgachi-gun Ugo-machi,",Akita
43000,0,1988,5/5F,53.08,3DK Apartment,"Araya matsumimachiAkita-shi,",Akita
22000,0,1969,3/4F,28.98,2K Apartment,"OsumiAkita-shi, Akita",Akita
25000,0,1975,5/5F,33.61,2K Apartment,"ShimizuchoYuzawa-shi, Akita",Akita
30000,0,1975,2/5F,33.61,2K Apartment,"ShimizuchoYuzawa-shi, Akita",Akita
44000,0,1988,4/5F,53.08,3DK Apartment,"Araya matsumimachiAkita-shi,",Akita
29000,0,1969,2/4F,28.98,2K Apartment,"OsumiAkita-shi, Akita",Akita
31000,0,1976,4/5F,38.06,2DK Apartment,"Iitagawa iizukaKatagami-shi,",Akita
37000,0,1979,4/5F,39.83,2DK Apartment,"HirasawaNikaho-shi, Akita",Akita
28000,0,1969,1/4F,28.98,2K Apartment,"OsumiAkita-shi, Akita",Akita
26000,0,1975,4/5F,33.61,2K Apartment,"ShimizuchoYuzawa-shi, Akita",Akita
48550,0,1991,9/9F,21.75,1K Apartment,"OimatsuchoKurashiki-shi, Okayama",Okayama
49550,0,2001,2/2F,40.95,2DK Apartment,"OtamiOkayama-shi Naka-ku,",Okayama
58050,0,2011,2/2F,28.02,1K Apartment,"TsukurachoOkayama-shi Kita-ku,",Okayama
44050,0,2010,1/4F,20.81,1K Apartment,"SeikibashiOkayama-shi Kita-ku,",Okayama
39550,0,2006,2/2F,19.87,1K Apartment,"HiranoOkayama-shi Kita-ku,",Okayama
60050,0,2000,2/2F,49.68,2DK Apartment,"ShimonakanoOkayama-shi Kita-ku,",Okayama
51050,0,2006,2/3F,20.28,1K Apartment,"ShimoifukuOkayama-shi Kita-ku,",Okayama
62550,0,1997,2/2F,40.57,2DK Apartment,"TakasukaKurashiki-shi, Okayama",Okayama
42050,0,2010,1/2F,21.81,1K Apartment,"ShimadahommachiOkayama-shi Kita-ku,",Okayama
45050,0,1997,2/2F,39.74,2DK Apartment,"MatsushinchoOkayama-shi Higashi-ku,",Okayama
38050,0,2010,3/3F,20.28,1K Apartment,"ShinyashikichoOkayama-shi Kita-ku,",Okayama
47050,0,2003,2/2F,26.08,1K Apartment,Daianji nakamachiOkayama-shi,Okayama
50050,0,2009,2/2F,20.28,1K Apartment,"MinamigataOkayama-shi Kita-ku,",Okayama
74050,0,2008,3/3F,19.87,1K Apartment,"HigashishimadachoOkayama-shi Kita-ku,",Okayama
49050,0,2018,1/2F,26.08,1R Apartment,"MatsushinchoOkayama-shi Higashi-ku,",Okayama
49050,0,2005,1/2F,22.35,1K Apartment,"MiyamaeKurashiki-shi, Okayama",Okayama
71050,0,2015,1/2F,23.04,1R Apartment,"HigashishimadachoOkayama-shi Kita-ku,",Okayama
43050,0,2008,1/2F,23.61,1K Apartment,"TakamatsuOkayama-shi Kita-ku,",Okayama
38050,0,1996,2/2F,20.28,1K Apartment,"ShimonakanoOkayama-shi Kita-ku,",Okayama
51050,0,2009,2/2F,20.28,1K Apartment,"MinamigataOkayama-shi Kita-ku,",Okayama
42540,0,2004,1/2F,19.87,1K Apartment,"BakurochoKurashiki-shi, Okayama",Okayama
45050,0,2008,1/2F,20.42,1K Apartment,"TokuboKurashiki-shi, Okayama",Okayama
41050,0,2005,1/2F,22.35,1K Apartment,"NakashoKurashiki-shi, Okayama",Okayama
45550,0,2002,2/2F,23.18,1K Apartment,"MiyamaeKurashiki-shi, Okayama",Okayama
60050,0,2017,1/2F,27.53,1R Apartment,"TakasukaKurashiki-shi, Okayama",Okayama
51550,0,2006,1/2F,22.35,1K Apartment,"NiwaseOkayama-shi Kita-ku,",Okayama
55050,0,1999,2/2F,46.37,2DK Apartment,"NakaseKurashiki-shi, Okayama",Okayama
47050,0,2008,2/2F,24.85,1K Apartment,"TokuboKurashiki-shi, Okayama",Okayama
73050,0,2000,3/3F,20.28,1K Apartment,"EkimotomachiOkayama-shi Kita-ku,",Okayama
51040,47500,2001,2/2F,40.95,2DK Apartment,"MakabeSoja-shi, Okayama",Okayama
41000,0,2010,1/2F,20.40,1K Apartment,"SugawaraKitakyushu-shi Tobata-ku,",Fukuoka
25000,0,2010,1/3F,20.81,1K Apartment,"MakiyamaKitakyushu-shi Tobata-ku,",Fukuoka
58000,0,2014,2/2F,25.89,1K Apartment,"UmebayashiFukuoka-shi Jonan-ku,",Fukuoka
43000,0,1998,1/2F,19.87,1K Apartment,"NanakumaFukuoka-shi Jonan-ku,",Fukuoka
52000,0,2007,1/2F,23.61,1K Apartment,"HonjohigashiKitakyushu-shi Yahatanishi-ku,",Fukuoka
32500,0,2010,1/3F,19.87,1K Apartment,"JonammachiKurume-shi, Fukuoka",Fukuoka
47000,0,2002,1/2F,19.87,1K Apartment,"MatobaFukuoka-shi Minami-ku,",Fukuoka
49000,0,2007,1/3F,20.81,1K Apartment,"JonoKitakyushu-shi Kokuraminami-ku,",Fukuoka
55000,0,2009,4/4F,19.87,1K Apartment,"ChayamaFukuoka-shi Jonan-ku,",Fukuoka
49000,0,2009,1/2F,23.61,1K Apartment,"TsukigumaFukuoka-shi Hakata-ku,",Fukuoka
42500,0,2009,1/2F,22.35,1K Apartment,"KoboOkawa-shi, Fukuoka",Fukuoka
42000,0,2007,1/2F,19.87,1K Apartment,"HigashioriomachiKitakyushu-shi Yahatanishi-ku,",Fukuoka
40000,0,1999,1/2F,19.87,1K Apartment,"NanakumaFukuoka-shi Jonan-ku,",Fukuoka
46000,0,2005,1/2F,19.87,1K Apartment,"KashiiekihigashiFukuoka-shi Higashi-ku,",Fukuoka
51000,0,2000,1/2F,49.68,2DK Apartment,"MinamigataKitakyushu-shi Kokuraminami-ku,",Fukuoka
41500,0,2009,1/2F,20.28,1K Apartment,"MiimachiKurume-shi, Fukuoka",Fukuoka
38000,0,2006,1/3F,19.87,1K Apartment,"ShirahagimachiKitakyushu-shi Kokurakita-ku,",Fukuoka
51000,0,2008,2/2F,22.35,1K Apartment,"KoyanoseKitakyushu-shi Yahatanishi-ku,",Fukuoka
40000,0,2000,2/2F,20.28,1K Apartment,"MinamigataKitakyushu-shi Kokuraminami-ku,",Fukuoka
29000,0,2008,1/4F,19.87,1K Apartment,"HagizakimachiKitakyushu-shi Kokurakita-ku,",Fukuoka
42000,0,1999,2/2F,20.28,1K Apartment,"HiigawaFukuoka-shi Jonan-ku,",Fukuoka
42000,0,2010,4/4F,20.81,1K Apartment,"ShiraganeKitakyushu-shi Kokurakita-ku,",Fukuoka
51000,0,2009,2/4F,19.87,1K Apartment,"NanakumaFukuoka-shi Jonan-ku,",Fukuoka
29000,0,2009,4/4F,20.81,1K Apartment,"ShimonijitchoKitakyushu-shi Moji-ku,",Fukuoka
67000,0,2013,2/2F,29.92,1K Apartment,"AtagoFukuoka-shi Nishi-ku,",Fukuoka
51000,0,2002,1/2F,22.70,1K Apartment,"ImajukuFukuoka-shi Nishi-ku,",Fukuoka
52000,0,2010,2/2F,25.06,1K Apartment,"NakasoneKitakyushu-shi Kokuraminami-ku,",Fukuoka
40000,0,2007,1/3F,19.87,1K Apartment,"MihaginoKitakyushu-shi Kokurakita-ku,",Fukuoka
33000,0,2011,1/3F,19.87,1K Apartment,"ShimojonoKitakyushu-shi Kokuraminami-ku,",Fukuoka
25000,0,2005,2/2F,19.87,1K Apartment,"KurobaruKitakyushu-shi Kokurakita-ku,",Fukuoka
44500,0,2008,1/2F,23.61,1K Apartment,"Akanabe noseGifu-shi,",Gifu
42500,0,2007,1/2F,23.18,1K Apartment,"KuranomaeGifu-shi, Gifu",Gifu
41200,0,1972,5/5F,35.20,1DK Apartment,"SakuradoriGifu-shi, Gifu",Gifu
34500,0,1999,1/2F,19.87,1K Apartment,"ImamineGifu-shi, Gifu",Gifu
39500,0,2003,1/2F,23.18,1K Apartment,"EgirachoHashima-shi, Gifu",Gifu
38500,0,2001,2/2F,23.18,1K Apartment,"NishikawateGifu-shi, Gifu",Gifu
40500,0,2009,2/2F,28.02,1K Apartment,"HigashikatabiraKani-shi, Gifu",Gifu
43050,0,2009,2/2F,28.02,1K Apartment,"KatabirashimmachiKani-shi, Gifu",Gifu
48050,0,2000,2/2F,49.68,2DK Apartment,"KayabachoGifu-shi, Gifu",Gifu
60050,0,2001,2/2F,49.68,2DK Apartment,"KasagichoOgaki-shi, Gifu",Gifu
45050,0,2008,2/2F,22.35,1K Apartment,"KawaiKani-shi, Gifu",Gifu
49050,0,2000,2/2F,40.95,2DK Apartment,"KoyanagiMotosu-gun Kitagata-cho,",Gifu
63050,0,2010,2/2F,44.85,1LDK Apartment,"NoisshikiGifu-shi, Gifu",Gifu
44550,0,2002,2/2F,19.87,1K Apartment,"Kano shimmeichoGifu-shi,",Gifu
44550,0,1996,2/2F,46.37,2DK Apartment,"KosaigoGifu-shi, Gifu",Gifu
46050,0,2002,2/2F,23.18,1K Apartment,"MinamiwakamorichoOgaki-shi, Gifu",Gifu
33000,0,1964,2/4F,45.36,3DK Apartment,"ShinkaichoOgaki-shi, Gifu",Gifu
30000,0,1975,1/5F,33.61,2K Apartment,"KasagamiMino-shi, Gifu",Gifu
65050,0,2010,2/2F,46.13,1LDK Apartment,"Unuma asahimachiKakamigahara-shi,",Gifu
22500,0,1967,3/4F,28.98,2K Apartment,"FuruhashiMizuho-shi, Gifu",Gifu
27000,0,1977,3/5F,39.83,2DK Apartment,"KamiminamigataIbi-gun Ibigawa-cho,",Gifu
50000,0,1985,3/5F,53.08,3DK Apartment,"OchiaiNakatsugawa-shi, Gifu",Gifu
31000,0,1976,5/5F,39.83,2DK Apartment,"Inatsucho oriMizunami-shi,",Gifu
32000,0,1972,2/5F,33.51,2K Apartment,"NakatsugawaNakatsugawa-shi, Gifu",Gifu
29000,0,1969,2/4F,28.98,2K Apartment,"TaruichonotsuginibanchigakurubaaiFuwa-gun Tarui-cho,",Gifu
29000,0,1965,2/4F,28.98,2K Apartment,"TaruichonotsuginibanchigakurubaaiFuwa-gun Tarui-cho,",Gifu
47000,0,1983,1/5F,53.08,2LDK Apartment,"NaegiNakatsugawa-shi, Gifu",Gifu
29000,0,1977,3/5F,39.83,2DK Apartment,"KamiminamigataIbi-gun Ibigawa-cho,",Gifu
28000,0,1972,5/5F,33.51,2K Apartment,"NakatsugawaNakatsugawa-shi, Gifu",Gifu
33000,0,1971,2/5F,33.09,2K Apartment,"NishimachiMinokamo-shi, Gifu",Gifu
40550,0,2006,1/2F,23.72,1K Apartment,"IshieAomori-shi, Aomori",Aomori
51550,0,2009,1/2F,23.18,1K Apartment,"Higashi21-banchoTowada-shi, Aomori",Aomori
49550,0,2005,2/2F,20.28,1K Apartment,"FurukawaAomori-shi, Aomori",Aomori
53550,0,2002,2/2F,23.18,1K Apartment,"MotomachinishiTowada-shi, Aomori",Aomori
46550,0,2006,1/3F,31.05,1K Apartment,"AburakawaAomori-shi, Aomori",Aomori
33000,0,1994,5/5F,53.08,3DK Apartment,"Kushibiki(sonota)Hachinohe-shi, Aomori",Aomori
27000,0,1968,4/4F,28.98,2K Apartment,"NiidaHachinohe-shi, Aomori",Aomori
27000,0,1976,3/5F,38.46,2DK Apartment,"Kushibiki(sonota)Hachinohe-shi, Aomori",Aomori
32000,0,1968,1/4F,28.98,2K Apartment,"NiidaHachinohe-shi, Aomori",Aomori
48550,0,2005,1/2F,22.35,1K Apartment,"KashiwazakiHachinohe-shi, Aomori",Aomori
39000,0,1982,5/5F,53.96,3DK Apartment,"HinodeMisawa-shi, Aomori",Aomori
34000,0,1994,4/5F,53.08,3DK Apartment,"Kushibiki(sonota)Hachinohe-shi, Aomori",Aomori
46000,0,1990,4/5F,53.08,3DK Apartment,"DainitonyamachiAomori-shi, Aomori",Aomori
21000,0,1973,4/5F,33.54,2K Apartment,"ArakawaAomori-shi, Aomori",Aomori
30000,0,1973,5/5F,33.54,2K Apartment,"TagadaiHachinohe-shi, Aomori",Aomori
32000,0,1983,4/5F,53.08,3DK Apartment,"YokodaiKamikita-gun Oirase-cho,",Aomori
22000,0,1970,4/4F,28.98,2K Apartment,"ShiroganedaiHachinohe-shi, Aomori",Aomori
43000,0,1989,2/5F,53.08,3DK Apartment,"NiidanishiHachinohe-shi, Aomori",Aomori
36500,0,1973,2/5F,33.54,2K Apartment,"TagadaiHachinohe-shi, Aomori",Aomori
31000,0,1983,4/5F,53.08,3DK Apartment,"YokodaiKamikita-gun Oirase-cho,",Aomori
45000,0,1989,2/5F,53.08,3DK Apartment,"NiidanishiHachinohe-shi, Aomori",Aomori
32000,0,1981,5/5F,53.96,3DK Apartment,"MisakidaiHachinohe-shi, Aomori",Aomori
24000,0,1976,5/5F,38.46,2DK Apartment,"Kushibiki(sonota)Hachinohe-shi, Aomori",Aomori
46000,0,1996,3/5F,53.08,3DK Apartment,"GodaiHirosaki-shi, Aomori",Aomori
24000,0,1970,3/4F,28.98,2K Apartment,"ShiroganedaiHachinohe-shi, Aomori",Aomori
27000,0,1968,4/4F,28.98,2K Apartment,"NiidaHachinohe-shi, Aomori",Aomori
32000,0,1981,5/5F,53.96,3DK Apartment,"MisakidaiHachinohe-shi, Aomori",Aomori
25000,0,1970,2/4F,28.98,2K Apartment,"ShiroganedaiHachinohe-shi, Aomori",Aomori
29000,0,1976,2/5F,38.46,2DK Apartment,"Kushibiki(sonota)Hachinohe-shi, Aomori",Aomori
44000,0,1982,2/5F,53.96,3DK Apartment,"HinodeMisawa-shi, Aomori",Aomori
93000,0,1988,8/8F,20.50,1K Apartment,"HoshinOsaka-shi Higashiyodogawa-ku,",Osaka
76500,0,2012,1/3F,42.23,1LDK Apartment,"KamishokakujiOsaka-shi Hirano-ku,",Osaka
93200,0,2006,3/13F,32.42,1R Apartment,"NippombashiOsaka-shi Naniwa-ku,",Osaka
63500,0,2010,2/2F,22.35,1K Apartment,"SannoOsaka-shi Nishinari-ku,",Osaka
50000,0,2003,2/2F,19.87,1K Apartment,"Amami nishiMatsubara-shi,",Osaka
64500,0,2005,1/2F,22.35,1K Apartment,"TakeshimaOsaka-shi Nishiyodogawa-ku,",Osaka
59000,0,2009,1/2F,19.87,1K Apartment,"KitatanabeOsaka-shi Higashisumiyoshi-ku,",Osaka
56500,0,2008,2/4F,20.81,1K Apartment,"MatsuOsaka-shi Nishinari-ku,",Osaka
76000,0,2002,1/2F,49.68,2DK Apartment,"Miyuki higashimachiNeyagawa-shi,",Osaka
47500,0,2000,2/2F,19.87,1K Apartment,"TatsuminishiOsaka-shi Ikuno-ku,",Osaka
49000,0,2004,1/2F,19.87,1K Apartment,"HigashikamidachoNeyagawa-shi, Osaka",Osaka
56500,0,2008,2/2F,20.28,1K Apartment,"KirenishiOsaka-shi Hirano-ku,",Osaka
120000,0,1994,10/10F,59.71,3LDK Apartment,"ShinkitajimaOsaka-shi Suminoe-ku,",Osaka
52500,0,2008,2/3F,19.87,1K Apartment,"NakagawaOsaka-shi Ikuno-ku,",Osaka
53500,0,1999,2/2F,20.37,1K Apartment,"TsurumiOsaka-shi Tsurumi-ku,",Osaka
52500,0,2005,2/2F,20.28,1K Apartment,"HayashijiOsaka-shi Ikuno-ku,",Osaka
74000,0,2006,6/14F,20.70,1K Apartment,"KozuOsaka-shi Chuo-ku,",Osaka
50000,0,2003,2/2F,19.87,1K Apartment,"HishiyahigashiHigashiosaka-shi, Osaka",Osaka
54000,0,2009,2/2F,19.87,1K Apartment,"MisonochoYao-shi, Osaka",Osaka
41000,0,2005,1/2F,19.87,1K Apartment,"SaigodoriMoriguchi-shi, Osaka",Osaka
63500,0,2006,2/2F,19.87,1K Apartment,"MatsuOsaka-shi Nishinari-ku,",Osaka
60000,0,2004,2/2F,19.87,1K Apartment,"KatayamachoSuita-shi, Osaka",Osaka
50000,0,2002,1/2F,23.18,1K Apartment,"Wakae higashimachiHigashiosaka-shi,",Osaka
51500,0,2002,3/3F,23.18,1K Apartment,"TatsuminishiOsaka-shi Ikuno-ku,",Osaka
53000,0,2008,1/2F,19.87,1K Apartment,"Senriyama higashiSuita-shi,",Osaka
68500,0,2009,2/4F,19.87,1K Apartment,"KasugademinamiOsaka-shi Konohana-ku,",Osaka
79500,0,2013,1/4F,21.11,1K Apartment,"TenmabashiOsaka-shi Kita-ku,",Osaka
45000,0,2004,2/2F,22.35,1K Apartment,"DeguchiHirakata-shi, Osaka",Osaka
53500,0,2002,1/3F,19.87,1K Apartment,"ShigitahigashiOsaka-shi Joto-ku,",Osaka
62500,0,2018,1/4F,22.35,1K Apartment,"KaritaOsaka-shi Sumiyoshi-ku,",Osaka
48550,0,2004,1/2F,23.72,1K Apartment,"NakagoeNagano-shi, Nagano",Nagano
70050,0,2006,2/2F,49.20,2DK Apartment,"Kawanakajimamachi yotsuyaNagano-shi,",Nagano
68550,0,2009,2/2F,43.06,1LDK Apartment,"InadaNagano-shi, Nagano",Nagano
68550,0,2007,1/2F,49.20,2DK Apartment,"AmorikoichiNagano-shi, Nagano",Nagano
46000,0,,,25.06,1K Apartment,"ZaimokuchoUeda-shi, Nagano",Nagano
53550,0,2006,1/2F,22.35,1K Apartment,"ChuoUeda-shi, Nagano",Nagano
45550,0,2008,1/2F,19.87,1K Apartment,"NakanojoUeda-shi, Nagano",Nagano
52550,0,2010,2/2F,19.87,1K Apartment,"TokidaUeda-shi, Nagano",Nagano
57550,0,2000,2/2F,49.68,2DK Apartment,"NakanojoUeda-shi, Nagano",Nagano
48550,0,2007,2/2F,23.18,1K Apartment,"AmorikoichiNagano-shi, Nagano",Nagano
55550,0,2008,1/3F,20.81,1K Apartment,"TokidaUeda-shi, Nagano",Nagano
57550,0,2005,1/2F,31.05,1K Apartment,"MidorigaokaUeda-shi, Nagano",Nagano
54550,0,2003,1/2F,20.28,1K Apartment,"OteUeda-shi, Nagano",Nagano
37000,0,2008,,23.61,1K Apartment,"MinamiminowamuraichienKamiina-gun Minamiminowa-mura,",Nagano
45000,0,,,22.35,1K Apartment,"OkadamatsuokaMatsumoto-shi, Nagano",Nagano
45000,0,,,23.18,1K Apartment,"KotobukikoakaMatsumoto-shi, Nagano",Nagano
42000,0,2007,,23.18,1K Apartment,"TatsunoKamiina-gun Tatsuno-machi,",Nagano
42000,0,,,26.08,1K Apartment,"KamishindenIna-shi, Nagano",Nagano
42000,0,,,23.18,1K Apartment,"OkadashimokadaMatsumoto-shi, Nagano",Nagano
39000,0,2007,,21.65,1K Apartment,"KamishindenIna-shi, Nagano",Nagano
45000,0,,,21.65,1K Apartment,"SatoyamabeMatsumoto-shi, Nagano",Nagano
40000,0,2003,,23.18,1K Apartment,"AtagochoIida-shi, Nagano",Nagano
41000,0,2003,,19.87,1K Apartment,"NishishioSuwa-gun Shimosuwa-machi,",Nagano
44000,0,,,23.18,1K Apartment,"SatoyamabeMatsumoto-shi, Nagano",Nagano
44000,0,,,20.28,1K Apartment,"OkadashimokadaMatsumoto-shi, Nagano",Nagano
44000,0,2002,,23.18,1K Apartment,"OsachiminamotoOkaya-shi, Nagano",Nagano
46000,0,,,20.81,1K Apartment,"MinamimachiSuwa-shi, Nagano",Nagano
44000,0,2007,,23.61,1K Apartment,"KamimakiIna-shi, Nagano",Nagano
42000,0,,,23.18,1K Apartment,"SatoyamabeMatsumoto-shi, Nagano",Nagano
47000,0,,,20.81,1K Apartment,"AsamaonsenMatsumoto-shi, Nagano",Nagano
32500,0,2002,1/2F,20.28,1K Apartment,"KunitateBeppu-shi, Oita",Oita
55050,0,1997,2/3F,39.74,2DK Apartment,"OshinoOita-shi, Oita",Oita
45550,0,2008,2/2F,28.02,1K Apartment,"KakuOita-shi, Oita",Oita
38550,0,2003,1/2F,19.87,1K Apartment,"Uenogaoka nishiOita-shi,",Oita
57050,0,2009,2/2F,46.94,1LDK Apartment,"KubaruminamiOita-shi, Oita",Oita
59550,0,1990,1/2F,39.00,2DK Apartment,"NishiomichiOita-shi, Oita",Oita
39550,0,2008,2/2F,28.02,1K Apartment,"DannoharuOita-shi, Oita",Oita
42550,0,2011,2/2F,28.02,1K Apartment,"Shonin nishiBeppu-shi,",Oita
40550,0,1999,2/2F,19.87,1K Apartment,"OmichimachiOita-shi, Oita",Oita
39550,0,2005,1/3F,19.87,1K Apartment,"KanaikeminamiOita-shi, Oita",Oita
35000,0,1972,1/5F,33.51,2K Apartment,"NakahetsugiOita-shi, Oita",Oita
33000,0,1971,2/5F,33.09,2K Apartment,"NakahetsugiOita-shi, Oita",Oita
52000,0,1971,2/5F,66.18,3DK Apartment,"NakahetsugiOita-shi, Oita",Oita
33000,0,1971,2/5F,33.09,2K Apartment,"NakahetsugiOita-shi, Oita",Oita
52000,0,1971,2/5F,66.18,3DK Apartment,"NakahetsugiOita-shi, Oita",Oita
35500,0,2010,,23.18,1K Apartment,"Kawagecho isshikiTsu-shi,",Mie
46050,0,2008,2/2F,22.35,1K Apartment,"Kurima machiyachoTsu-shi,",Mie
53050,0,2010,2/2F,46.94,1LDK Apartment,"Kusucho hongoYokkaichi-shi,",Mie
40500,0,,,23.61,1K Apartment,"IchinomiyachoSuzuka-shi, Mie",Mie
39500,0,2006,,23.18,1K Apartment,"SuehirochoTsu-shi, Mie",Mie
38000,0,2009,,20.81,1K Apartment,"TakahamashimmachiYokkaichi-shi, Mie",Mie
39500,0,2007,,21.81,1K Apartment,"NakagawaraTsu-shi, Mie",Mie
37000,0,2007,,23.18,1K Apartment,"TakahamashimmachiYokkaichi-shi, Mie",Mie
37500,0,2009,,23.61,1K Apartment,"IsoyamaSuzuka-shi, Mie",Mie
37000,0,2008,,28.15,1K Apartment,"Kusucho kitaisshikiYokkaichi-shi,",Mie
37000,0,2008,,28.02,1K Apartment,"Kusucho kitagomizukaYokkaichi-shi,",Mie
39000,0,2008,,23.18,1K Apartment,"RokuromiYokkaichi-shi, Mie",Mie
36500,0,,,20.28,1K Apartment,"OtobeTsu-shi, Mie",Mie
39000,0,2008,,23.61,1K Apartment,"KitafukusakiMie-gun Kawagoe-cho,",Mie
38500,0,2006,,23.18,1K Apartment,"SuehirochoTsu-shi, Mie",Mie
34000,0,2007,,22.98,1K Apartment,"Kusucho kitaisshikiYokkaichi-shi,",Mie
38500,0,2007,,22.35,1K Apartment,"SumiyoshichoTsu-shi, Mie",Mie
39000,0,,,21.81,1K Apartment,"IsozuYokkaichi-shi, Mie",Mie
41500,0,2007,,21.81,1K Apartment,"NakagawaraTsu-shi, Mie",Mie
31500,0,2009,,23.18,1K Apartment,"KaibanachoMatsusaka-shi, Mie",Mie
39000,0,2006,,22.35,1K Apartment,"BankochoYokkaichi-shi, Mie",Mie
38000,0,2008,,28.02,1K Apartment,"Kusucho kitagomizukaYokkaichi-shi,",Mie
37500,0,,,23.18,1K Apartment,"Yanagiyama tsuokiTsu-shi,",Mie
34500,0,2006,,23.18,1K Apartment,"SumiyoshichoTsu-shi, Mie",Mie
40500,0,,,23.61,1K Apartment,"IchinomiyachoSuzuka-shi, Mie",Mie
38000,0,2008,,23.61,1K Apartment,"Kusucho kitagomizukaYokkaichi-shi,",Mie
39500,0,2007,,23.18,1K Apartment,"SumiyoshichoTsu-shi, Mie",Mie
38500,0,2008,,23.18,1K Apartment,"TakasuchoTsu-shi, Mie",Mie
40000,0,2006,,19.87,1K Apartment,"HamamachiYokkaichi-shi, Mie",Mie
39500,0,2008,,23.61,1K Apartment,"HigashimachiMatsusaka-shi, Mie",Mie
58500,0,2006,2/2F,20.28,1K Apartment,Yoshijima nishiHiroshima-shi,Hiroshima
46500,0,2003,1/2F,19.87,1K Apartment,Yoshijima shimmachiHiroshima-shi,Hiroshima
75500,0,2013,1/2F,21.90,1K Apartment,"HijiyamachoHiroshima-shi Minami-ku,",Hiroshima
46500,0,2000,2/2F,20.28,1K Apartment,Hesaka oageHiroshima-shi,Hiroshima
60500,0,2015,1/3F,26.08,1K Apartment,"NishiharaHiroshima-shi Asaminami-ku,",Hiroshima
58500,0,2007,2/2F,28.02,1K Apartment,"SakahigashiAki-gun Saka-cho,",Hiroshima
69500,0,2006,1/2F,45.89,2DK Apartment,"YanominamiHiroshima-shi Aki-ku,",Hiroshima
57500,0,2008,1/2F,19.87,1K Apartment,Onaga higashiHiroshima-shi,Hiroshima
55500,0,2008,2/2F,19.87,1K Apartment,"KabeminamiHiroshima-shi Asakita-ku,",Hiroshima
47500,0,2006,1/2F,20.28,1K Apartment,Hesaka kurumegiHiroshima-shi,Hiroshima
48500,0,2010,1/2F,21.65,1K Apartment,Hesaka yamasakichoHiroshima-shi,Hiroshima
51500,0,2006,1/2F,22.35,1K Apartment,"HigashinoHiroshima-shi Asaminami-ku,",Hiroshima
52500,0,2005,1/2F,20.28,1K Apartment,"YamadaAki-gun Fuchu-cho,",Hiroshima
54500,0,2006,1/2F,22.35,1K Apartment,"YanagigaokaAki-gun Fuchu-cho,",Hiroshima
46500,0,2003,1/2F,22.70,1K Apartment,Nakayama kamiHiroshima-shi,Hiroshima
48500,0,2001,2/3F,20.28,1K Apartment,"ItsukaichiHiroshima-shi Saeki-ku,",Hiroshima
61500,0,2008,3/3F,20.81,1K Apartment,"YanohigashiHiroshima-shi Aki-ku,",Hiroshima
60500,0,2017,1/2F,26.50,1R Apartment,"MidoriiHiroshima-shi Asaminami-ku,",Hiroshima
61500,0,2011,2/2F,26.09,1K Apartment,"YamamotoHiroshima-shi Asaminami-ku,",Hiroshima
53500,0,2005,2/2F,26.49,1K Apartment,"KuchitaminamiHiroshima-shi Asakita-ku,",Hiroshima
49500,0,2008,2/3F,20.81,1K Apartment,"YagichoHiroshima-shi Asaminami-ku,",Hiroshima
56500,0,2008,1/3F,19.87,1K Apartment,"NishimachiFukuyama-shi, Hiroshima",Hiroshima
50500,0,2006,2/2F,21.81,1K Apartment,"ToshimatsuHiroshima-shi Saeki-ku,",Hiroshima
48500,0,2000,1/3F,19.87,1K Apartment,"MinamikanonHiroshima-shi Nishi-ku,",Hiroshima
49500,0,2005,2/2F,19.87,1K Apartment,"SagataHatsukaichi-shi, Hiroshima",Hiroshima
65500,0,2013,1/2F,30.80,1K Apartment,"SendoHiroshima-shi Saeki-ku,",Hiroshima
48500,0,2000,2/3F,20.28,1K Apartment,"YahatahigashiHiroshima-shi Saeki-ku,",Hiroshima
69500,0,2013,2/2F,29.92,1K Apartment,Yoshijima nishiHiroshima-shi,Hiroshima
50500,0,2005,3/3F,20.28,1K Apartment,"SendoHiroshima-shi Saeki-ku,",Hiroshima
51500,0,2006,2/2F,19.87,1K Apartment,"HigashiharaHiroshima-shi Asaminami-ku,",Hiroshima
213900,0,2008,1/14F,55.04,2LDK Apartment,"Kita5-jonishi(1-24-chome)Sapporo-shi Chuo-ku,",Hokkaido
213900,0,2008,9/14F,51.54,2LDK Apartment,"Kita5-jonishi(1-24-chome)Sapporo-shi Chuo-ku,",Hokkaido
39500,0,2007,2/2F,23.18,1K Apartment,"KasugachoIwamizawa-shi, Hokkaido",Hokkaido
39000,0,2006,1/2F,23.18,1K Apartment,"ShintomichoOtaru-shi, Hokkaido",Hokkaido
40000,0,2008,1/2F,23.18,1K Apartment,"Bunkyodai higashimachiEbetsu-shi,",Hokkaido
42000,0,2008,1/2F,23.18,1K Apartment,"HiyoshichoTomakomai-shi, Hokkaido",Hokkaido
54000,0,2006,1/2F,23.18,1K Apartment,"AobachoSapporo-shi Atsubetsu-ku,",Hokkaido
45000,0,2006,1/2F,23.18,1K Apartment,"4-joEbetsu-shi, Hokkaido",Hokkaido
32000,0,2004,1/2F,23.18,1K Apartment,"Oasa izumichoEbetsu-shi,",Hokkaido
36000,0,2008,2/2F,23.18,1K Apartment,Tsukisamu nishi3-joSapporo-shi,Hokkaido
47000,0,2009,2/2F,23.18,1K Apartment,"Kita9-jonishiSapporo-shi Chuo-ku,",Hokkaido
43000,0,2007,1/2F,23.18,1K Apartment,"Kita30-johigashiSapporo-shi Higashi-ku,",Hokkaido
42400,0,2004,4/6F,23.36,1K Apartment,"Minami19-jonishiSapporo-shi Chuo-ku,",Hokkaido
42000,0,2008,1/2F,23.18,1K Apartment,"Minami24-jonishiSapporo-shi Chuo-ku,",Hokkaido
35500,0,2009,1/2F,23.18,1K Apartment,"Misono 1-joIwamizawa-shi,",Hokkaido
48000,0,2003,2/2F,23.18,1K Apartment,"Kita22-jonishiSapporo-shi Kita-ku,",Hokkaido
50000,0,2009,1/2F,23.18,1K Apartment,Chuo 2-joSapporo-shi,Hokkaido
54000,0,2002,1/2F,23.18,1K Apartment,"HigashinopporohonchoEbetsu-shi, Hokkaido",Hokkaido
49000,0,2008,2/2F,23.18,1K Apartment,Toyohira 4-joSapporo-shi,Hokkaido
49000,0,2007,1/2F,23.18,1K Apartment,Atsubetsunishi 3-joSapporo-shi,Hokkaido
45500,0,2008,2/2F,23.18,1K Apartment,"2-jo nishiIwamizawa-shi,",Hokkaido
44000,0,2006,1/2F,23.18,1K Apartment,"Minami14-jonishiSapporo-shi Chuo-ku,",Hokkaido
40000,0,2006,1/2F,23.18,1K Apartment,"Nopporo wakabachoEbetsu-shi,",Hokkaido
36000,0,2007,1/2F,23.18,1K Apartment,Takuhoku 2-joSapporo-shi,Hokkaido
41000,0,2008,1/2F,23.18,1K Apartment,"Minami10-jonishiSapporo-shi Chuo-ku,",Hokkaido
49000,0,2006,2/2F,23.18,1K Apartment,Tsukisamu higashi2-joSapporo-shi,Hokkaido
53000,0,2004,2/2F,23.18,1K Apartment,"NakajimachoEniwa-shi, Hokkaido",Hokkaido
47000,0,2005,2/2F,23.18,1K Apartment,"Kita50-johigashiSapporo-shi Higashi-ku,",Hokkaido
46000,0,2005,2/2F,23.18,1K Apartment,Hachiken 4-johigashiSapporo-shi,Hokkaido
54000,0,2008,1/2F,23.18,1K Apartment,"BunkyodaiEbetsu-shi, Hokkaido",Hokkaido
64000,0,2007,1/2F,19.87,1K Apartment,"HamaAmagasaki-shi, Hyogo",Hyogo
50000,0,2010,2/3F,19.87,1K Apartment,"HamadachoAmagasaki-shi, Hyogo",Hyogo
68000,0,2008,2/2F,19.87,1K Apartment,"TsukaguchihommachiAmagasaki-shi, Hyogo",Hyogo
122000,0,2007,2/10F,38.97,1K Apartment,"IkutachoKobe-shi Chuo-ku,",Hyogo
54000,0,2005,1/2F,19.87,1K Apartment,"Uegahara yamatechoNishinomiya-shi,",Hyogo
62000,0,2016,1/3F,26.08,1K Apartment,"MinamihatsushimachoAmagasaki-shi, Hyogo",Hyogo
56000,0,2010,3/3F,19.87,1K Apartment,"MinamimukonosoAmagasaki-shi, Hyogo",Hyogo
50000,0,2007,1/2F,19.87,1K Apartment,"Kurakuen 1-banchoNishinomiya-shi,",Hyogo
58000,0,2007,2/4F,20.81,1K Apartment,"KasayachoNishinomiya-shi, Hyogo",Hyogo
46000,0,2003,2/2F,19.87,1K Apartment,"NishimaruyamachoKobe-shi Nagata-ku,",Hyogo
57000,0,2008,1/2F,19.87,1K Apartment,"JokojiAmagasaki-shi, Hyogo",Hyogo
49000,0,2004,2/2F,19.87,1K Apartment,"MiyaokachoKobe-shi Nagata-ku,",Hyogo
66000,0,2011,2/4F,19.87,1K Apartment,"MikagehommachiKobe-shi Higashinada-ku,",Hyogo
50000,0,1996,2/2F,19.87,1K Apartment,"GakubundenchoNishinomiya-shi, Hyogo",Hyogo
66550,0,2008,2/2F,19.87,1K Apartment,"TsukaguchihommachiAmagasaki-shi, Hyogo",Hyogo
56000,0,2010,1/2F,19.87,1K Apartment,"Nagasu nakadoriAmagasaki-shi,",Hyogo
47500,0,2009,1/2F,23.27,1K Apartment,"Tatsunocho suemasaTatsuno-shi,",Hyogo
63000,0,2004,1/2F,20.28,1K Apartment,"KumochichoKobe-shi Chuo-ku,",Hyogo
51000,0,2003,2/2F,20.28,1K Apartment,"KitaogiKobe-shi Higashinada-ku,",Hyogo
59000,0,2011,1/2F,19.87,1K Apartment,"Uegahara 8-banchoNishinomiya-shi,",Hyogo
50000,0,2007,1/2F,19.87,1K Apartment,"KatayamachoKobe-shi Nagata-ku,",Hyogo
59000,0,2007,1/4F,19.87,1K Apartment,"MinamitsukaguchichoAmagasaki-shi, Hyogo",Hyogo
59000,0,2004,3/3F,19.11,1K Apartment,"SumiyoshiminamimachiKobe-shi Higashinada-ku,",Hyogo
51000,0,2010,1/2F,21.90,1K Apartment,"KagoikedoriKobe-shi Chuo-ku,",Hyogo
60000,0,2010,1/3F,23.18,1K Apartment,"ShimosakabeAmagasaki-shi, Hyogo",Hyogo
73000,0,2006,2/2F,19.87,1K Apartment,"OgiKobe-shi Higashinada-ku,",Hyogo
50000,0,2003,1/2F,19.87,1K Apartment,"NishiokamotoKobe-shi Higashinada-ku,",Hyogo
54000,0,2002,2/2F,20.28,1K Apartment,"SantandachoAmagasaki-shi, Hyogo",Hyogo
60000,0,2006,1/2F,19.87,1K Apartment,"TomatsuchoAmagasaki-shi, Hyogo",Hyogo
63000,0,1999,1/2F,19.87,1K Apartment,"TsukamotodoriKobe-shi Hyogo-ku,",Hyogo
59000,0,1992,1/3F,19.00,1K Apartment,"NishifunaFunabashi-shi, Chiba",Chiba
60000,0,1992,3/3F,19.00,1K Apartment,"NishifunaFunabashi-shi, Chiba",Chiba
46000,0,1962,4/4F,45.36,2DK Apartment,"Futawa higashiFunabashi-shi,",Chiba
55000,0,1962,2/4F,45.36,2DK Apartment,"HigashimichinobeKamagaya-shi, Chiba",Chiba
77550,0,2005,2/3F,19.87,1K Apartment,"FujimiUrayasu-shi, Chiba",Chiba
48000,0,1994,3/12F,17.94,1R Apartment,"MiyamotoFunabashi-shi, Chiba",Chiba
66000,60000,1993,4/4F,60.40,3DK Apartment,"OnomachiIchikawa-shi, Chiba",Chiba
66000,0,2001,4/13F,25.73,1K Apartment,"HonchibachoChiba-shi Chuo-ku,",Chiba
54050,0,2006,2/2F,23.18,1K Apartment,"KamiyakiriMatsudo-shi, Chiba",Chiba
63000,0,1985,9/11F,35.47,1R Apartment,"ChuoChiba-shi Chuo-ku,",Chiba
62000,0,1986,4/4F,19.82,1R Apartment,"MinamiyawataIchikawa-shi, Chiba",Chiba
65550,0,2008,1/3F,19.87,1K Apartment,"Kaijincho minamiFunabashi-shi,",Chiba
75000,0,1987,1/3F,39.15,2DK Apartment,"NishifunaFunabashi-shi, Chiba",Chiba
44550,0,2007,1/2F,21.65,1K Apartment,"MinamimasuoKashiwa-shi, Chiba",Chiba
67000,0,2009,1/4F,23.79,1K Apartment,"SuehiroIchikawa-shi, Chiba",Chiba
99000,0,1993,1/3F,57.58,3DK Apartment,"SuehiroIchikawa-shi, Chiba",Chiba
52550,0,2009,1/2F,23.61,1K Apartment,"AsahichoFunabashi-shi, Chiba",Chiba
61000,56000,1987,4/4F,20.65,1R Apartment,"IsejukuIchikawa-shi, Chiba",Chiba
40050,0,2007,1/2F,20.28,1K Apartment,"KoganeharaMatsudo-shi, Chiba",Chiba
69550,0,2010,2/4F,19.87,1K Apartment,"Maebara higashiFunabashi-shi,",Chiba
48550,44000,1987,1/2F,37.68,1DK Apartment,"NishitsugaChiba-shi Wakaba-ku,",Chiba
54550,0,2008,1/2F,19.87,1K Apartment,"NishinarashinoFunabashi-shi, Chiba",Chiba
52550,0,2009,1/2F,26.49,1K Apartment,"IinakaNarita-shi, Chiba",Chiba
55550,0,2008,1/3F,19.87,1K Apartment,"HasamachoFunabashi-shi, Chiba",Chiba
50000,46000,1989,1/4F,25.87,1K Apartment,"FukueiIchikawa-shi, Chiba",Chiba
33000,0,1990,1/2F,16.00,1K Apartment,"HachigasakiMatsudo-shi, Chiba",Chiba
51550,0,2014,1/2F,21.70,1K Apartment,"SuehiroChiba-shi Chuo-ku,",Chiba
61950,0,2016,1/2F,25.10,1K Apartment,"MinamihanazonoChiba-shi Hanamigawa-ku,",Chiba
48050,0,2007,1/3F,19.87,1K Apartment,"MatsudoMatsudo-shi, Chiba",Chiba
53000,50000,1987,1/2F,20.33,1K Apartment,"HonchoFunabashi-shi, Chiba",Chiba
51550,0,1999,2/2F,46.37,2DK Apartment,"HongomachiToyama-shi, Toyama",Toyama
47050,0,2010,2/2F,46.94,1LDK Apartment,"AkadaToyama-shi, Toyama",Toyama
50050,0,2006,1/2F,21.81,1K Apartment,"GofukuToyama-shi, Toyama",Toyama
76050,71500,2012,2/2F,62.01,2LDK Apartment,"ShibazonochoToyama-shi, Toyama",Toyama
26000,0,1971,2/5F,33.09,2K Apartment,"KanayaKurobe-shi, Toyama",Toyama
47000,0,1993,4/5F,53.08,2LDK Apartment,"FunahashiNakaniikawa-gun Funahashi-mura,",Toyama
29000,0,1975,2/5F,38.06,2DK Apartment,"UwanoToyama-shi, Toyama",Toyama
27000,0,1968,1/4F,28.98,2K Apartment,"HanyuOyabe-shi, Toyama",Toyama
22000,0,1971,2/5F,33.09,2K Apartment,"TenjinNanto-shi, Toyama",Toyama
20000,0,1971,3/5F,33.09,2K Apartment,"TenjinNanto-shi, Toyama",Toyama
34000,0,1971,1/5F,33.09,2K Apartment,"MaezawashinNakaniikawa-gun Tateyama-machi,",Toyama
20000,0,1970,3/4F,28.98,2K Apartment,"YanaidaHimi-shi, Toyama",Toyama
27000,0,1972,4/5F,33.51,2K Apartment,"NomuraTakaoka-shi, Toyama",Toyama
25000,0,1973,5/5F,33.54,2K Apartment,"GankaijiToyama-shi, Toyama",Toyama
21000,0,1971,4/5F,33.09,2K Apartment,"KanayaKurobe-shi, Toyama",Toyama
19000,0,1973,5/5F,33.54,2K Apartment,"InamiNanto-shi, Toyama",Toyama
18000,0,1971,4/5F,33.09,2K Apartment,"TenjinNanto-shi, Toyama",Toyama
25000,0,1973,5/5F,33.54,2K Apartment,"GankaijiToyama-shi, Toyama",Toyama
29000,0,1976,2/5F,38.06,2DK Apartment,"ShinnishiOyabe-shi, Toyama",Toyama
18000,0,1973,4/5F,33.54,2K Apartment,"ButsudenUozu-shi, Toyama",Toyama
29000,0,1976,1/5F,38.06,2DK Apartment,"ShinnishiOyabe-shi, Toyama",Toyama
23000,0,1975,5/5F,38.06,2DK Apartment,"UwanoToyama-shi, Toyama",Toyama
20000,0,1970,3/4F,28.98,2K Apartment,"YanaidaHimi-shi, Toyama",Toyama
23000,0,1976,4/5F,38.06,2DK Apartment,"ShinnishiOyabe-shi, Toyama",Toyama
29000,0,1976,2/5F,38.06,2DK Apartment,"ShinnishiOyabe-shi, Toyama",Toyama
31000,0,1982,5/5F,53.96,3DK Apartment,"SandaUozu-shi, Toyama",Toyama
25000,0,1968,3/4F,28.98,2K Apartment,"HanyuOyabe-shi, Toyama",Toyama
24000,0,1975,4/5F,38.06,2DK Apartment,"UwanoToyama-shi, Toyama",Toyama
30000,0,1982,4/5F,53.96,3DK Apartment,"SandaUozu-shi, Toyama",Toyama
23000,0,1976,4/5F,38.06,2DK Apartment,"ShinnishiOyabe-shi, Toyama",Toyama
195000,190000,2023,2/3F,44.00,1LDK Apartment,"AkatsukaItabashi-ku, Tokyo",Tokyo
195000,190000,2023,2/3F,44.00,1LDK Apartment,"AkatsukaItabashi-ku, Tokyo",Tokyo
2550000,0,2018,4/7F,22.00,1K Apartment,"HamamatsuchoMinato-ku, Tokyo",Tokyo
304840,280000,1988,1/5F,50.40,2LDK Apartment,"HirooShibuya-ku, Tokyo",Tokyo
177000,167000,2004,4/12F,40.34,1R Apartment,"MinamiazabuMinato-ku, Tokyo",Tokyo
530000,500000,2021,4/5F,100.06,4LDK Apartment,"Kaigan(3-chome)Minato-ku, Tokyo",Tokyo
390110,375000,2021,13/15F,54.90,2LDK Apartment,"AkasakaMinato-ku, Tokyo",Tokyo
295000,295000,2015,6/8F,44.81,1LDK Apartment,"WakabaShinjuku-ku, Tokyo",Tokyo
380000,0,2022,,75.00,2LDK Apartment,"MitaMinato-ku, Tokyo",Tokyo
141500,0,2023,12/15F,25.39,1K Apartment,"EbaraShinagawa-ku, Tokyo",Tokyo
130500,0,2022,8/13F,26.76,1K Apartment,"SugamoToshima-ku, Tokyo",Tokyo
125000,0,2023,4/4F,26.56,1DK Apartment,"SetaSetagaya-ku, Tokyo",Tokyo
70000,68000,1986,4/4F,12.00,1R Apartment,"ChuoNakano-ku, Tokyo",Tokyo
85000,83000,1990,2/2F,14.00,1R Apartment,"KamitakadaNakano-ku, Tokyo",Tokyo
419150,402000,2018,2/4F,68.84,2LDK Apartment,"MinamiaoyamaMinato-ku, Tokyo",Tokyo
98000,98000,1993,5/6F,29.16,1R Apartment,"Ikebukuro (2-4-chome)Toshima-ku,",Tokyo
72500,0,2021,2/2F,15.74,1R Apartment,"KomagomeToshima-ku, Tokyo",Tokyo
109000,107000,2016,2/2F,21.00,1R Apartment,"NishiochiaiShinjuku-ku, Tokyo",Tokyo
389110,738000,2008,12/24F,75.54,3LDK Apartment,"HamamatsuchoMinato-ku, Tokyo",Tokyo
279770,262000,2022,5/13F,50.14,2LDK Apartment,"EbisuShibuya-ku, Tokyo",Tokyo
80000,0,2016,3/3F,20.01,1R Apartment,"WakagiItabashi-ku, Tokyo",Tokyo
117000,115000,1988,6/12F,20.00,1K Apartment,"MatsugayaTaito-ku, Tokyo",Tokyo
110000,108000,1984,3/4F,15.00,1R Apartment,"KitashinjukuShinjuku-ku, Tokyo",Tokyo
409760,389760,2022,6/14F,52.10,1LDK Apartment,"MinamiaoyamaMinato-ku, Tokyo",Tokyo
82000,0,2002,1/2F,22.52,1K Apartment,"TamagawadaiSetagaya-ku, Tokyo",Tokyo
1000110,1000000,2023,13/14F,125.21,2LDK Apartment,"MinamiazabuMinato-ku, Tokyo",Tokyo
94500,0,2004,3/11F,25.62,1K Apartment,"NishioguArakawa-ku, Tokyo",Tokyo
95000,92000,2021,1/2F,16.37,1R Apartment,"SakurashimmachiSetagaya-ku, Tokyo",Tokyo
240000,100000,1982,7/10F,35.00,1LDK Apartment,"YotsuyaShinjuku-ku, Tokyo",Tokyo
260000,100000,1981,5/7F,38.00,1K Apartment,"TsukijiChuo-ku, Tokyo",Tokyo
64000,0,1976,5/8F,40.87,2DK Apartment,"YanagisakiKawaguchi-shi, Saitama",Saitama
43000,0,1968,4/4F,28.98,2K Apartment,"NakadaiKawagoe-shi, Saitama",Saitama
56000,0,1964,3/4F,49.20,2LDK Apartment,"HiratsukaAgeo-shi, Saitama",Saitama
59550,0,2004,2/2F,19.87,1K Apartment,"HonchoShiki-shi, Saitama",Saitama
52550,0,2007,1/2F,23.18,1K Apartment,"FukuokachuoFujimino-shi, Saitama",Saitama
40500,0,1991,2/4F,15.17,1R Apartment,"MiyamotochoTokorozawa-shi, Saitama",Saitama
65550,0,2003,1/2F,19.87,1K Apartment,"MotobutoSaitama-shi Urawa-ku,",Saitama
70000,66000,1991,1/3F,41.58,2DK Apartment,"KamiaraiTokorozawa-shi, Saitama",Saitama
60550,0,2009,1/3F,26.08,1K Apartment,"KizakiSaitama-shi Urawa-ku,",Saitama
97000,92000,1988,2/4F,63.00,3LDK Apartment,"KuriharaNiiza-shi, Saitama",Saitama
74550,0,2020,2/2F,21.65,1K Apartment,"TsukagoshiWarabi-shi, Saitama",Saitama
49500,0,2005,1/2F,26.49,1K Apartment,"KinomeKawagoe-shi, Saitama",Saitama
64550,0,2008,2/2F,20.28,1K Apartment,"KiyomiFujimino-shi, Saitama",Saitama
48000,45000,1991,2/10F,16.96,1K Apartment,"NakachoSaitama-shi Omiya-ku,",Saitama
54550,0,2008,2/3F,20.81,1K Apartment,"TsujiSaitama-shi Minami-ku,",Saitama
51550,0,2005,1/2F,19.87,1K Apartment,"IwatsukiSaitama-shi Iwatsuki-ku,",Saitama
50550,0,1998,2/2F,19.87,1K Apartment,"SasameToda-shi, Saitama",Saitama
51050,0,2000,1/3F,19.87,1K Apartment,"MiyamotochoTokorozawa-shi, Saitama",Saitama
44000,40000,1987,1/2F,20.28,1K Apartment,"DotechoSaitama-shi Omiya-ku,",Saitama
72050,0,2016,1/4F,21.11,1K Apartment,"HigashitakasagochoSaitama-shi Urawa-ku,",Saitama
52050,0,2004,2/2F,20.28,1K Apartment,"GamoKoshigaya-shi, Saitama",Saitama
75000,0,2011,2/3F,20.81,1K Apartment,"ShirahataSaitama-shi Minami-ku,",Saitama
42200,0,1986,3/4F,16.57,1R Apartment,"MinamisumiyoshiTokorozawa-shi, Saitama",Saitama
46000,0,2000,1/2F,20.28,1K Apartment,"KamimachiKuki-shi, Saitama",Saitama
64000,0,2017,1/3F,22.09,1K Apartment,"ShibaKawaguchi-shi, Saitama",Saitama
49050,0,2004,1/2F,23.97,1K Apartment,"MiyamaechoSaitama-shi Nishi-ku,",Saitama
59550,0,2010,1/3F,20.81,1K Apartment,"ChuoWarabi-shi, Saitama",Saitama
71000,0,1995,1/3F,58.00,3LDK Apartment,"MiyamotochoKoshigaya-shi, Saitama",Saitama
61550,0,2007,1/3F,19.87,1K Apartment,"KawaguchiKawaguchi-shi, Saitama",Saitama
57550,0,2000,2/2F,19.87,1K Apartment,"DaitakuboSaitama-shi Midori-ku,",Saitama
56050,0,2014,2/2F,26.50,1R Apartment,"MikasamachiIwakuni-shi, Yamaguchi",Yamaguchi
53050,0,2009,1/2F,23.61,1K Apartment,"KawaguchimachiIwakuni-shi, Yamaguchi",Yamaguchi
52050,0,2006,2/2F,23.18,1K Apartment,"NakazumachiIwakuni-shi, Yamaguchi",Yamaguchi
64050,0,2015,1/2F,26.50,1R Apartment,"SunayamamachiIwakuni-shi, Yamaguchi",Yamaguchi
53550,0,2009,2/2F,20.82,1K Apartment,"KurumamachiIwakuni-shi, Yamaguchi",Yamaguchi
49050,0,2006,1/2F,21.81,1K Apartment,"ShozokumachiIwakuni-shi, Yamaguchi",Yamaguchi
47050,0,2002,2/3F,23.18,1K Apartment,"MikasamachiIwakuni-shi, Yamaguchi",Yamaguchi
49050,0,2002,1/2F,22.70,1K Apartment,"AsahimachiIwakuni-shi, Yamaguchi",Yamaguchi
59050,0,2007,1/2F,19.87,1K Apartment,"MarifumachiIwakuni-shi, Yamaguchi",Yamaguchi
60050,0,2017,1/2F,30.73,1R Apartment,"SunayamamachiIwakuni-shi, Yamaguchi",Yamaguchi
42050,0,2013,2/2F,26.09,1K Apartment,"SasayamachoShimonoseki-shi, Yamaguchi",Yamaguchi
46050,0,2002,1/2F,23.18,1K Apartment,"AsahimachiIwakuni-shi, Yamaguchi",Yamaguchi
39550,0,2003,1/2F,23.18,1K Apartment,"KawaguchimachiIwakuni-shi, Yamaguchi",Yamaguchi
46550,0,2003,2/2F,26.08,1K Apartment,"ShowamachiIwakuni-shi, Yamaguchi",Yamaguchi
55050,0,2017,1/2F,26.08,1R Apartment,"SunayamamachiIwakuni-shi, Yamaguchi",Yamaguchi
55050,0,2009,2/2F,46.94,1LDK Apartment,"Yumachi kitaIwakuni-shi,",Yamaguchi
55050,0,2015,1/2F,26.08,1R Apartment,"Yumachi chuoIwakuni-shi,",Yamaguchi
47550,0,2013,2/2F,26.09,1K Apartment,"SujikawachoShimonoseki-shi, Yamaguchi",Yamaguchi
39000,0,1985,4/5F,53.08,3DK Apartment,"OkiimajukuHofu-shi, Yamaguchi",Yamaguchi
40000,0,1989,2/5F,53.08,3DK Apartment,"KiwanamiUbe-shi, Yamaguchi",Yamaguchi
37000,0,1989,3/5F,53.08,3DK Apartment,"KiwanamiUbe-shi, Yamaguchi",Yamaguchi
37000,0,1989,3/5F,53.08,3DK Apartment,"KiwanamiUbe-shi, Yamaguchi",Yamaguchi
41000,0,1989,2/5F,53.08,3DK Apartment,"KiwanamiUbe-shi, Yamaguchi",Yamaguchi
45000,0,1978,3/5F,53.96,3DK Apartment,"KitaobayamachoUbe-shi, Yamaguchi",Yamaguchi
40000,0,1989,1/5F,53.08,3DK Apartment,"KiwanamiUbe-shi, Yamaguchi",Yamaguchi
42000,0,1985,2/5F,53.08,3DK Apartment,"OkiimajukuHofu-shi, Yamaguchi",Yamaguchi
40000,0,1985,4/5F,53.08,2LDK Apartment,"OkiimajukuHofu-shi, Yamaguchi",Yamaguchi
43000,0,1985,2/5F,53.08,3DK Apartment,"OkiimajukuHofu-shi, Yamaguchi",Yamaguchi
44550,0,2006,2/2F,22.35,1K Apartment,"MinamiiwakunimachiIwakuni-shi, Yamaguchi",Yamaguchi
43000,0,1985,3/5F,53.08,2LDK Apartment,"OkiimajukuHofu-shi, Yamaguchi",Yamaguchi
54550,0,2000,2/2F,49.68,2DK Apartment,"MiyashiroFukushima-shi, Fukushima",Fukushima
39000,0,1964,1/4F,49.20,3DK Apartment,"Onahama shimokajiroIwaki-shi,",Fukushima
54500,0,2008,2/3F,23.18,1K Apartment,"OgimachiAizuwakamatsu-shi, Fukushima",Fukushima
48000,0,1986,3/5F,53.08,3DK Apartment,"Haramachiku kitanaganoMinamisoma-shi,",Fukushima
42000,0,1979,4/5F,53.96,3DK Apartment,"Yoshimamachi shimoyoshimaIwaki-shi,",Fukushima
31000,0,1964,3/4F,28.98,2K Apartment,"Onahama shimokajiroIwaki-shi,",Fukushima
42000,0,1991,3/5F,53.08,3DK Apartment,"Hobaramachi kashiwamachiDate-shi,",Fukushima
48000,0,1988,4/5F,53.08,3DK Apartment,"ShimotoriwataFukushima-shi, Fukushima",Fukushima
28000,0,1967,3/4F,28.98,2K Apartment,"Asakamachi hidenoyamaKoriyama-shi,",Fukushima
47000,0,1988,5/5F,53.08,3DK Apartment,"ShimotoriwataFukushima-shi, Fukushima",Fukushima
39000,0,1985,4/5F,53.08,3DK Apartment,"UedamachiIwaki-shi, Fukushima",Fukushima
40000,0,1993,4/5F,53.08,3DK Apartment,"ByakkoKawanuma-gun Aizubange-machi,",Fukushima
29000,0,1964,4/4F,28.98,2K Apartment,"Onahama shimokajiroIwaki-shi,",Fukushima
46000,0,1992,2/5F,53.08,3DK Apartment,"NakasatoNihommatsu-shi, Fukushima",Fukushima
39000,0,1991,4/5F,53.08,3DK Apartment,"NaganumaSukagawa-shi, Fukushima",Fukushima
39000,0,1964,2/4F,49.20,3DK Apartment,"Onahama shimokajiroIwaki-shi,",Fukushima
35500,0,1967,1/4F,28.98,2K Apartment,"Asakamachi hidenoyamaKoriyama-shi,",Fukushima
28000,0,1970,4/5F,33.09,2K Apartment,"KurokiSoma-shi, Fukushima",Fukushima
36000,0,1985,5/5F,53.08,3DK Apartment,"UedamachiIwaki-shi, Fukushima",Fukushima
38000,0,1982,5/5F,54.68,3DK Apartment,"KamigoriDate-gun Kori-machi,",Fukushima
50000,0,1988,1/5F,53.08,3DK Apartment,"ShimotoriwataFukushima-shi, Fukushima",Fukushima
43000,0,1991,2/5F,53.08,3DK Apartment,"Hobaramachi kashiwamachiDate-shi,",Fukushima
30000,0,1964,1/4F,28.98,2K Apartment,"Onahama shimokajiroIwaki-shi,",Fukushima
39000,0,1991,4/5F,53.08,3DK Apartment,"NaganumaSukagawa-shi, Fukushima",Fukushima
34000,0,1972,1/5F,33.54,2K Apartment,"OkambaraSukagawa-shi, Fukushima",Fukushima
35000,0,1969,1/4F,28.98,2K Apartment,"OkabeFukushima-shi, Fukushima",Fukushima
39000,0,1964,2/4F,49.20,3DK Apartment,"Onahama shimokajiroIwaki-shi,",Fukushima
39000,0,1986,5/5F,53.08,3DK Apartment,"Haramachiku kitanaganoMinamisoma-shi,",Fukushima
40000,0,1964,1/4F,49.20,3DK Apartment,"Onahama shimokajiroIwaki-shi,",Fukushima
41000,0,1991,3/5F,53.08,3DK Apartment,"NaganumaSukagawa-shi, Fukushima",Fukushima
51050,0,2006,2/2F,28.02,1K Apartment,"TenjimmachiKanazawa-shi, Ishikawa",Ishikawa
52050,0,2007,2/2F,19.87,1K Apartment,"MizutamemachiKanazawa-shi, Ishikawa",Ishikawa
56550,0,2001,2/2F,19.87,1K Apartment,"TakaokamachiKanazawa-shi, Ishikawa",Ishikawa
43050,0,2006,2/3F,19.87,1K Apartment,"KikugawaKanazawa-shi, Ishikawa",Ishikawa
55050,0,2006,1/2F,19.87,1K Apartment,"NagamachiKanazawa-shi, Ishikawa",Ishikawa
57050,0,2006,1/2F,19.87,1K Apartment,"OwarichoKanazawa-shi, Ishikawa",Ishikawa
68050,0,2013,2/2F,47.20,1LDK Apartment,"MikkaichiIshikawa-gun Nonoichi-machi,",Ishikawa
51050,0,2005,2/2F,23.18,1K Apartment,"HigashikenrokumachiKanazawa-shi, Ishikawa",Ishikawa
26000,0,1970,3/5F,33.09,2K Apartment,"ShimizuKahoku-gun Tsubata-machi,",Ishikawa
31000,0,1978,4/5F,39.83,2DK Apartment,"IwauchimachiNomi-shi, Ishikawa",Ishikawa
21000,0,1966,4/4F,28.98,2K Apartment,"NanakuboKahoku-shi, Ishikawa",Ishikawa
25000,0,1972,5/5F,33.51,2K Apartment,"NishikarumimachiKomatsu-shi, Ishikawa",Ishikawa
45050,0,2008,2/2F,19.87,1K Apartment,"Ikedamachi tatechoKanazawa-shi,",Ishikawa
23000,0,1970,4/5F,33.09,2K Apartment,"ShimizuKahoku-gun Tsubata-machi,",Ishikawa
35000,0,1989,2/5F,53.08,3DK Apartment,"NinomiyaaobadaiKashima-gun Nakanoto-machi,",Ishikawa
29000,0,1972,2/5F,33.51,2K Apartment,"NishikarumimachiKomatsu-shi, Ishikawa",Ishikawa
34000,0,1978,3/5F,39.83,2DK Apartment,"IwauchimachiNomi-shi, Ishikawa",Ishikawa
29000,0,1978,4/5F,39.83,2DK Apartment,"IwauchimachiNomi-shi, Ishikawa",Ishikawa
23500,0,1970,5/5F,33.09,2K Apartment,"ShimizuKahoku-gun Tsubata-machi,",Ishikawa
46000,0,1995,2/5F,53.08,3DK Apartment,"KitanarimachiHakusan-shi, Ishikawa",Ishikawa
26000,0,1968,3/4F,28.98,2K Apartment,"SannoNonoichi-shi, Ishikawa",Ishikawa
28000,0,1974,2/5F,33.54,2K Apartment,"Daishoji mitsumachiKaga-shi,",Ishikawa
28000,0,1972,3/5F,33.51,2K Apartment,"NishikarumimachiKomatsu-shi, Ishikawa",Ishikawa
29000,0,1978,5/5F,39.83,2DK Apartment,"IwauchimachiNomi-shi, Ishikawa",Ishikawa
24000,0,1970,4/5F,33.09,2K Apartment,"ShimizuKahoku-gun Tsubata-machi,",Ishikawa
35000,0,1978,2/5F,39.83,2DK Apartment,"IwauchimachiNomi-shi, Ishikawa",Ishikawa
28000,0,1974,2/5F,33.54,2K Apartment,"Daishoji mitsumachiKaga-shi,",Ishikawa
29000,0,1968,1/4F,28.98,2K Apartment,"SannoNonoichi-shi, Ishikawa",Ishikawa
26000,0,1974,2/5F,33.54,2K Apartment,"Daishoji mitsumachiKaga-shi,",Ishikawa
25000,0,1968,4/4F,28.98,2K Apartment,"SannoNonoichi-shi, Ishikawa",Ishikawa
50050,0,2007,2/2F,22.35,1K Apartment,"IkuhisachoFukui-shi, Fukui",Fukui
41000,0,1995,5/5F,53.08,3DK Apartment,"KihishoNyu-gun Echizen-cho,",Fukui
40500,0,1979,1/5F,39.83,2DK Apartment,"IgomoriObama-shi, Fukui",Fukui
42000,0,1976,5/5F,39.83,2DK Apartment,"KunitakaEchizen-shi, Fukui",Fukui
45000,0,1995,2/5F,53.08,3DK Apartment,"KihishoNyu-gun Echizen-cho,",Fukui
44000,0,1976,4/5F,39.83,2DK Apartment,"KunitakaEchizen-shi, Fukui",Fukui
32000,0,1973,2/5F,33.54,2K Apartment,"HananomoriAwara-shi, Fukui",Fukui
36000,0,1979,4/5F,39.83,2DK Apartment,"IgomoriObama-shi, Fukui",Fukui
45000,0,1976,4/5F,39.83,2DK Apartment,"KunitakaEchizen-shi, Fukui",Fukui
43000,0,1979,3/5F,39.83,2DK Apartment,"IgomoriObama-shi, Fukui",Fukui
34000,0,1979,5/5F,39.83,2DK Apartment,"IgomoriObama-shi, Fukui",Fukui
48000,0,1997,2/5F,53.08,3DK Apartment,"Shikadanicho shidaKatsuyama-shi,",Fukui
49000,0,1976,2/5F,39.83,2DK Apartment,"KunitakaEchizen-shi, Fukui",Fukui
35000,0,1979,4/5F,39.83,2DK Apartment,"IgomoriObama-shi, Fukui",Fukui
45050,0,2007,1/2F,20.28,1K Apartment,"TawaraFukui-shi, Fukui",Fukui
40000,0,1979,1/5F,39.83,2DK Apartment,"IgomoriObama-shi, Fukui",Fukui
42000,0,1995,5/5F,53.08,3DK Apartment,"KihishoNyu-gun Echizen-cho,",Fukui
44000,0,1997,4/5F,53.08,3DK Apartment,"Shikadanicho shidaKatsuyama-shi,",Fukui
30000,0,1973,4/5F,33.54,2K Apartment,"HananomoriAwara-shi, Fukui",Fukui
49000,0,1976,2/5F,39.83,2DK Apartment,"KunitakaEchizen-shi, Fukui",Fukui
39500,0,1979,2/5F,39.83,2DK Apartment,"IgomoriObama-shi, Fukui",Fukui
29000,0,1973,4/5F,33.54,2K Apartment,"HananomoriAwara-shi, Fukui",Fukui
45000,0,1976,4/5F,39.83,2DK Apartment,"KunitakaEchizen-shi, Fukui",Fukui
44000,0,1997,3/5F,53.08,3DK Apartment,"Shikadanicho shidaKatsuyama-shi,",Fukui
44000,0,1997,3/5F,53.08,3DK Apartment,"Shikadanicho shidaKatsuyama-shi,",Fukui
46000,0,1976,3/5F,39.83,2DK Apartment,"KunitakaEchizen-shi, Fukui",Fukui
36000,0,1990,3/5F,53.08,3DK Apartment,"HananomoriAwara-shi, Fukui",Fukui
42000,0,1990,1/5F,53.08,3DK Apartment,"HananomoriAwara-shi, Fukui",Fukui
33000,0,1975,4/5F,33.61,2K Apartment,"FujigaokachoTsuruga-shi, Fukui",Fukui
36000,0,1975,3/5F,33.61,2K Apartment,"FujigaokachoTsuruga-shi, Fukui",Fukui
48050,0,2007,3/3F,20.81,1K Apartment,"ShimizumachiMatsuyama-shi, Ehime",Ehime
55050,0,2000,2/2F,49.68,2DK Apartment,"AikochoMatsuyama-shi, Ehime",Ehime
43050,0,2004,3/3F,19.87,1K Apartment,"HommachiMatsuyama-shi, Ehime",Ehime
38000,0,1982,5/5F,53.08,3DK Apartment,"UenomachiMatsuyama-shi, Ehime",Ehime
44000,0,1982,1/5F,53.08,3DK Apartment,"UenomachiMatsuyama-shi, Ehime",Ehime
49050,0,2004,1/2F,19.87,1K Apartment,"MiyanishiMatsuyama-shi, Ehime",Ehime
34000,0,1971,2/5F,33.09,2K Apartment,"KokubuImabari-shi, Ehime",Ehime
65050,0,2001,2/2F,49.68,2DK Apartment,"HigashibojochoKashihara-shi, Nara",Nara
63050,0,2009,2/3F,20.81,1K Apartment,"MinamiuoyachoNara-shi, Nara",Nara
35000,100000,1984,2/3F,16.20,1K Apartment,"ShibatsujichoNara-shi, Nara",Nara
46050,0,2008,2/2F,23.18,1K Apartment,"DaianjiNara-shi, Nara",Nara
52550,0,2006,2/2F,22.35,1K Apartment,"DaigochoKashihara-shi, Nara",Nara
69540,0,2009,3/3F,20.81,1K Apartment,"YanagimachiNara-shi, Nara",Nara
60050,0,2009,1/3F,41.63,1LDK Apartment,"DaigochoKashihara-shi, Nara",Nara
53050,0,2005,2/2F,19.87,1K Apartment,"OmiyachoNara-shi, Nara",Nara
53550,0,2008,1/2F,20.28,1K Apartment,"OmiyachoNara-shi, Nara",Nara
55050,0,2000,2/2F,49.68,2DK Apartment,"KiharachoKashihara-shi, Nara",Nara
51050,0,2003,1/2F,22.35,1K Apartment,"TsujimachiIkoma-shi, Nara",Nara
63550,0,2009,2/3F,41.63,1LDK Apartment,"DaigochoKashihara-shi, Nara",Nara
60050,0,2008,1/2F,52.17,1LDK Apartment,"ShimmachiShiki-gun Tawaramoto-cho,",Nara
49050,0,2005,2/2F,49.68,2DK Apartment,"KaminakaKashiba-shi, Nara",Nara
53050,0,2004,2/2F,49.68,2DK Apartment,"NagaoKatsuragi-shi, Nara",Nara
61050,0,2000,2/2F,49.68,2DK Apartment,"Nukatabe kitamachiYamatokoriyama-shi,",Nara
48550,0,2004,2/2F,19.87,1K Apartment,"HoraiNara-shi, Nara",Nara
55050,0,2000,2/2F,49.68,1K Apartment,"MatsukasachoYamatokoriyama-shi, Nara",Nara
37550,0,2003,2/2F,19.87,1K Apartment,"KiharachoKashihara-shi, Nara",Nara
53050,0,2002,2/2F,49.68,2DK Apartment,"AsahimachiShiki-gun Tawaramoto-cho,",Nara
59050,0,2004,2/2F,49.68,2DK Apartment,"NagaoKatsuragi-shi, Nara",Nara
44000,0,1979,5/5F,53.96,2LDK Apartment,"ShimobuchiYoshino-gun Oyodo-cho,",Nara
42000,0,1979,4/5F,39.83,2DK Apartment,"ShimobuchiYoshino-gun Oyodo-cho,",Nara
45000,0,1979,3/5F,53.96,2LDK Apartment,"ShimobuchiYoshino-gun Oyodo-cho,",Nara
63550,0,2009,3/3F,41.63,1LDK Apartment,"DaigochoKashihara-shi, Nara",Nara
45000,0,1979,2/5F,39.83,1LDK Apartment,"ShimobuchiYoshino-gun Oyodo-cho,",Nara
39000,0,1964,4/4F,49.20,3DK Apartment,"MisechoKashihara-shi, Nara",Nara
48000,0,1979,2/5F,53.96,3DK Apartment,"ShimobuchiYoshino-gun Oyodo-cho,",Nara
65050,0,2000,2/2F,49.68,2DK Apartment,"MinamikiderachoNara-shi, Nara",Nara
48550,0,2008,2/2F,23.18,1K Apartment,"OjiKitakatsuragi-gun Oji-cho,",Nara
62550,0,2006,2/2F,49.20,2DK Apartment,"ChikuyachoMatsue-shi, Shimane",Shimane
30000,0,1969,3/5F,28.98,2K Apartment,"AgenogiMatsue-shi, Shimane",Shimane
30000,0,1969,3/5F,28.98,2K Apartment,"AgenogiMatsue-shi, Shimane",Shimane
36000,0,1972,2/5F,33.51,2K Apartment,"ShiroedachoIzumo-shi, Shimane",Shimane
30000,0,1968,2/4F,28.98,2K Apartment,"MatsuyorishimochoIzumo-shi, Shimane",Shimane
58550,0,2015,2/2F,27.04,1K Apartment,"NishikawatsuchoMatsue-shi, Shimane",Shimane
34000,0,1972,3/5F,33.51,2K Apartment,"ShiroedachoIzumo-shi, Shimane",Shimane
44000,0,1991,5/5F,53.08,3DK Apartment,"HikawachoshobaraIzumo-shi, Shimane",Shimane
26000,0,1968,4/4F,28.98,2K Apartment,"MatsuyorishimochoIzumo-shi, Shimane",Shimane
45000,0,1991,5/5F,53.08,3DK Apartment,"HikawachoshobaraIzumo-shi, Shimane",Shimane
30000,0,1969,4/5F,28.98,2K Apartment,"AgenogiMatsue-shi, Shimane",Shimane
50000,0,1991,2/5F,53.08,3DK Apartment,"HikawachoshobaraIzumo-shi, Shimane",Shimane
36000,0,1972,2/5F,33.51,2K Apartment,"ShiroedachoIzumo-shi, Shimane",Shimane
43000,0,1980,1/5F,53.96,3DK Apartment,"Kutecho satsukaOda-shi,",Shimane
48000,0,1986,1/5F,53.08,3DK Apartment,"Odacho odaOda-shi,",Shimane
39000,0,1980,5/5F,39.83,2DK Apartment,"Kutecho satsukaOda-shi,",Shimane
41000,0,1980,2/5F,53.96,3DK Apartment,"Kutecho satsukaOda-shi,",Shimane
37000,0,1980,3/5F,39.83,2DK Apartment,"Kutecho satsukaOda-shi,",Shimane
42000,0,1986,5/5F,53.08,3DK Apartment,"Odacho odaOda-shi,",Shimane
47000,0,1986,3/5F,53.08,3DK Apartment,"Odacho odaOda-shi,",Shimane
41000,0,1980,2/5F,53.96,3DK Apartment,"Kutecho satsukaOda-shi,",Shimane
42000,0,1994,4/5F,53.08,3DK Apartment,"MinariNita-gun Okuizumo-cho,",Shimane
28000,0,1973,5/5F,33.54,2K Apartment,"Kutecho satsukaOda-shi,",Shimane
37000,0,1969,2/4F,28.98,2K Apartment,"TakatsuMasuda-shi, Shimane",Shimane
39000,0,1980,1/5F,53.96,3DK Apartment,"Kutecho satsukaOda-shi,",Shimane
46000,0,1994,2/5F,53.08,3DK Apartment,"MinariNita-gun Okuizumo-cho,",Shimane
47000,0,1984,2/5F,53.08,3DK Apartment,"Ninomiyacho kannushiGotsu-shi,",Shimane
53000,0,1984,1/5F,53.08,3DK Apartment,"Ninomiyacho kannushiGotsu-shi,",Shimane
43000,0,1979,5/5F,53.96,3DK Apartment,"EnyaariharachoIzumo-shi, Shimane",Shimane
47000,0,1989,3/5F,53.08,3DK Apartment,"ChiimiyachoIzumo-shi, Shimane",Shimane
57050,0,1999,2/2F,42.21,2DK Apartment,"KamidoMorioka-shi, Iwate",Iwate
47540,0,2009,1/2F,23.18,1K Apartment,"SakuradaiHanamaki-shi, Iwate",Iwate
41000,0,1990,1/5F,53.08,3DK Apartment,"Semmayacho semmayaIchinoseki-shi,",Iwate
45000,0,1992,4/5F,53.08,3DK Apartment,"FujisawaKitakami-shi, Iwate",Iwate
32000,0,1978,3/5F,39.83,2DK Apartment,"ShibutamiMorioka-shi, Iwate",Iwate
41000,0,1994,5/5F,53.08,3DK Apartment,"HizumeShiwa-gun Shiwa-cho,",Iwate
40000,0,1990,5/5F,53.08,3DK Apartment,"OsakiTakizawa-Shi, Iwate",Iwate
45000,0,1996,5/5F,53.08,3DK Apartment,"Hanaizumicho hanaizumiIchinoseki-shi,",Iwate
40000,0,1995,3/5F,53.08,3DK Apartment,"KasshichoKamaishi-shi, Iwate",Iwate
30000,0,1978,4/5F,39.83,2DK Apartment,"ShibutamiMorioka-shi, Iwate",Iwate
33000,0,1967,3/4F,28.98,2K Apartment,"NishiodoriHanamaki-shi, Iwate",Iwate
35000,0,1974,2/5F,33.54,2K Apartment,"EsashiiwayadoOshu-shi, Iwate",Iwate
39000,0,1990,4/5F,53.08,3DK Apartment,"OsakiTakizawa-Shi, Iwate",Iwate
38000,0,1968,1/4F,28.98,2K Apartment,"TokiwadaiKitakami-shi, Iwate",Iwate
30000,0,1973,5/5F,33.54,2K Apartment,"SekigaokaIchinoseki-shi, Iwate",Iwate
36000,0,1976,4/5F,39.83,2DK Apartment,"TakatachoRikuzentakata-shi, Iwate",Iwate
43000,0,1981,5/5F,53.96,3DK Apartment,"RyutsusentaKitakami-shi, Iwate",Iwate
41000,0,1983,4/5F,53.08,3DK Apartment,"NishigaokaMiyako-shi, Iwate",Iwate
40000,0,1979,4/5F,53.96,3DK Apartment,"KitahizumeShiwa-gun Shiwa-cho,",Iwate
35000,0,1976,3/5F,39.83,2DK Apartment,"RyutsusentakitaMorioka-shi, Iwate",Iwate
38000,0,1987,3/5F,53.08,3DK Apartment,"HiromiyasawaShiwa-gun Yahaba-cho,",Iwate
28000,0,1971,5/5F,33.09,2K Apartment,"OfunatochoOfunato-shi, Iwate",Iwate
30000,0,1975,2/5F,33.61,2K Apartment,"MizusawashinjoOshu-shi, Iwate",Iwate
29000,0,1975,4/5F,33.61,2K Apartment,"NisataiNinohe-shi, Iwate",Iwate
40000,0,1994,5/5F,53.08,3DK Apartment,"MashibaIchinoseki-shi, Iwate",Iwate
36000,0,1974,2/5F,33.54,2K Apartment,"EsashiiwayadoOshu-shi, Iwate",Iwate
29000,0,1978,5/5F,39.83,2DK Apartment,"ShibutamiMorioka-shi, Iwate",Iwate
36000,0,1990,4/5F,53.08,3DK Apartment,"Semmayacho semmayaIchinoseki-shi,",Iwate
40000,0,1987,5/5F,53.08,3DK Apartment,"HiromiyasawaShiwa-gun Yahaba-cho,",Iwate
40000,0,1994,5/5F,53.08,3DK Apartment,"MashibaIchinoseki-shi, Iwate",Iwate
52050,0,2003,2/2F,19.87,1K Apartment,"GyotokuTottori-shi, Tottori",Tottori
49050,0,2010,1/2F,22.35,1K Apartment,"Koyamacho kitaTottori-shi,",Tottori
46550,0,2009,2/2F,20.28,1K Apartment,"Koyamacho minamiTottori-shi,",Tottori
65550,0,2010,2/2F,46.94,1LDK Apartment,"EzuTottori-shi, Tottori",Tottori
46000,0,1985,3/5F,53.08,2LDK Apartment,"ShukinishimachiKurayoshi-shi, Tottori",Tottori
31000,0,1968,2/4F,28.98,2K Apartment,"AbeYonago-shi, Tottori",Tottori
49000,0,1985,2/5F,53.08,3DK Apartment,"ShukinishimachiKurayoshi-shi, Tottori",Tottori
30000,0,1971,2/4F,28.98,2K Apartment,"AbeYonago-shi, Tottori",Tottori
41000,0,1978,3/5F,53.96,3DK Apartment,"NaneichoTottori-shi, Tottori",Tottori
41000,0,1978,3/5F,53.96,3DK Apartment,"NaneichoTottori-shi, Tottori",Tottori
30000,0,1977,4/5F,38.06,2DK Apartment,"BabachoKurayoshi-shi, Tottori",Tottori
44000,0,1978,1/5F,53.96,3DK Apartment,"NaneichoTottori-shi, Tottori",Tottori
44000,0,1979,2/5F,53.96,3DK Apartment,"NaneichoTottori-shi, Tottori",Tottori
42000,0,1989,1/5F,53.08,3DK Apartment,"OzakiYonago-shi, Tottori",Tottori
45000,0,1985,1/5F,53.08,3DK Apartment,"ShukinishimachiKurayoshi-shi, Tottori",Tottori
48000,0,1985,1/5F,53.08,3DK Apartment,"ShukinishimachiKurayoshi-shi, Tottori",Tottori
45000,0,1989,2/5F,53.08,3DK Apartment,"OzakiYonago-shi, Tottori",Tottori
29000,0,1972,5/5F,33.54,2K Apartment,"YonedachoKurayoshi-shi, Tottori",Tottori
32000,0,1972,1/5F,33.54,2K Apartment,"YonedachoKurayoshi-shi, Tottori",Tottori
35000,0,1977,2/5F,38.06,2DK Apartment,"BabachoKurayoshi-shi, Tottori",Tottori
36000,0,1977,1/5F,38.06,2DK Apartment,"BabachoKurayoshi-shi, Tottori",Tottori
39000,0,1989,4/5F,53.08,3DK Apartment,"OzakiYonago-shi, Tottori",Tottori
31000,0,1971,1/4F,28.98,2K Apartment,"AbeYonago-shi, Tottori",Tottori
22000,0,1973,5/5F,33.54,2K Apartment,"WadachoYonago-shi, Tottori",Tottori
37000,0,1975,2/5F,38.06,2DK Apartment,"Koyamacho kitaTottori-shi,",Tottori
31000,0,1975,5/5F,38.06,2DK Apartment,"Koyamacho kitaTottori-shi,",Tottori
26000,0,1971,1/4F,28.98,2K Apartment,"TakiyamaTottori-shi, Tottori",Tottori
21000,0,1971,4/4F,28.98,2K Apartment,"TakiyamaTottori-shi, Tottori",Tottori
32000,0,1975,4/5F,38.06,2DK Apartment,"Koyamacho kitaTottori-shi,",Tottori
39000,0,1975,2/5F,38.06,2DK Apartment,"Koyamacho kitaTottori-shi,",Tottori
54550,0,2007,1/2F,48.44,1LDK Apartment,"Hachimancho(kawaminami)Tokushima-shi, Tokushima",Tokushima
42550,0,2003,2/2F,21.94,1K Apartment,"NakamaegawachoTokushima-shi, Tokushima",Tokushima
44550,0,2010,2/2F,46.94,1LDK Apartment,"MinamishimadachoTokushima-shi, Tokushima",Tokushima
26000,0,1967,2/4F,28.98,1DK Apartment,"MyodochoTokushima-shi, Tokushima",Tokushima
37550,0,2008,2/2F,19.87,1K Apartment,"Sako8-banchoTokushima-shi, Tokushima",Tokushima
23000,0,1967,2/4F,28.98,1DK Apartment,"MyodochoTokushima-shi, Tokushima",Tokushima
26000,0,1968,1/4F,28.98,1DK Apartment,"MyodochoTokushima-shi, Tokushima",Tokushima
22000,0,1968,4/4F,28.98,1DK Apartment,"MyodochoTokushima-shi, Tokushima",Tokushima
59050,0,2007,2/2F,48.44,1LDK Apartment,"Hachimancho(kawaminami)Tokushima-shi, Tokushima",Tokushima
50050,0,2004,2/2F,26.08,1K Apartment,"Sako7-banchoTokushima-shi, Tokushima",Tokushima
24000,0,1967,2/4F,28.98,2K Apartment,"MyodochoTokushima-shi, Tokushima",Tokushima
20000,0,1967,3/4F,28.98,2K Apartment,"MyodochoTokushima-shi, Tokushima",Tokushima
29000,0,1975,1/5F,38.06,2DK Apartment,"OjinchoyoshinariTokushima-shi, Tokushima",Tokushima
31000,0,1975,3/5F,33.61,2K Apartment,"TatsuechoKomatsushima-shi, Tokushima",Tokushima
34000,0,1989,1/5F,53.08,3DK Apartment,"Kamojimacho kamiuraYoshinogawa-shi,",Tokushima
49500,0,2010,1/4F,20.81,1K Apartment,"TakeKagoshima-shi, Kagoshima",Kagoshima
59500,0,2011,1/4F,19.87,1K Apartment,"UenosonochoKagoshima-shi, Kagoshima",Kagoshima
50550,0,2008,2/2F,40.46,2DK Apartment,"Hayatocho uchiyamadaKirishima-shi,",Kagoshima
48050,0,2010,1/4F,20.81,1K Apartment,"TakeKagoshima-shi, Kagoshima",Kagoshima
37000,0,1975,3/5F,38.06,2DK Apartment,"Tamazatodanchi(2.3-chome)Kagoshima-shi, Kagoshima",Kagoshima
34000,0,1975,5/5F,38.06,2DK Apartment,"Tamazatodanchi(2.3-chome)Kagoshima-shi, Kagoshima",Kagoshima
38000,0,1972,4/5F,33.54,2K Apartment,"TaniyamachuoKagoshima-shi, Kagoshima",Kagoshima
34000,0,1972,4/5F,33.54,2K Apartment,"TaniyamachuoKagoshima-shi, Kagoshima",Kagoshima
40000,0,1972,3/5F,33.54,2K Apartment,"TaniyamachuoKagoshima-shi, Kagoshima",Kagoshima
37000,0,1972,2/5F,33.54,2K Apartment,"TaniyamachuoKagoshima-shi, Kagoshima",Kagoshima
55540,0,2009,1/3F,20.81,1K Apartment,"MinamisasaguchiNiigata-shi Chuo-ku,",Niigata
34050,0,2001,1/2F,23.18,1K Apartment,"DaigakuminamiNiigata-shi Nishi-ku,",Niigata
42050,0,2010,1/2F,25.06,1K Apartment,"SakaisunayamaNiigata-shi Nishi-ku,",Niigata
36050,0,2005,2/2F,20.28,1K Apartment,"DaigakuminamiNiigata-shi Nishi-ku,",Niigata
56040,0,2005,1/2F,19.87,1K Apartment,"MinamibandaichoNiigata-shi Chuo-ku,",Niigata
37050,0,2003,1/2F,23.74,1K Apartment,"Ikarashi1-nochoNiigata-shi Nishi-ku,",Niigata
39550,0,2009,2/3F,20.81,1K Apartment,"NishiumakoshiNiigata-shi Chuo-ku,",Niigata
43550,0,2009,2/3F,20.81,1K Apartment,"NagaminemachiNiigata-shi Chuo-ku,",Niigata
49550,0,2003,1/2F,23.72,1K Apartment,"MiyauchiNagaoka-shi, Niigata",Niigata
46550,0,2005,3/3F,19.87,1K Apartment,"TenjinNiigata-shi Chuo-ku,",Niigata
39550,0,2006,3/3F,19.87,1K Apartment,"KambaramachiNiigata-shi Chuo-ku,",Niigata
42540,0,2002,2/2F,23.18,1K Apartment,"IdomakiTsubame-shi, Niigata",Niigata
42050,0,2007,2/2F,28.02,1K Apartment,"MizukinoNiigata-shi Nishi-ku,",Niigata
42550,0,2005,2/2F,19.87,1K Apartment,"HakusanuraNiigata-shi Chuo-ku,",Niigata
45000,0,1989,3/5F,53.08,2LDK Apartment,"RaikojiNagaoka-shi, Niigata",Niigata
32000,0,1998,5/5F,53.50,3DK Apartment,"Ogataku gankohamaJoetsu-shi,",Niigata
34000,0,1997,4/5F,53.08,3DK Apartment,"MatsubarachoMurakami-shi, Niigata",Niigata
35000,0,1997,4/5F,53.08,3DK Apartment,"MatsubarachoMurakami-shi, Niigata",Niigata
35000,0,1995,3/5F,53.08,3DK Apartment,"HidanomoriMyoko-shi, Niigata",Niigata
42000,0,1988,4/5F,53.08,2LDK Apartment,"SakuramachiOjiya-shi, Niigata",Niigata
43000,0,1994,2/5F,53.08,3DK Apartment,"HaigataTsubame-shi, Niigata",Niigata
40000,0,1989,1/5F,53.08,3DK Apartment,"RaikojiNagaoka-shi, Niigata",Niigata
35000,0,1997,4/5F,53.08,3DK Apartment,"MatsubarachoMurakami-shi, Niigata",Niigata
34000,0,1997,5/5F,53.08,3DK Apartment,"MatsubarachoMurakami-shi, Niigata",Niigata
35000,0,1997,4/5F,53.08,3DK Apartment,"MatsubarachoMurakami-shi, Niigata",Niigata
35000,0,1998,3/5F,53.50,3DK Apartment,"Ogataku gankohamaJoetsu-shi,",Niigata
35000,0,1997,4/5F,53.08,3DK Apartment,"MatsubarachoMurakami-shi, Niigata",Niigata
35000,0,1997,4/5F,53.08,3DK Apartment,"MatsubarachoMurakami-shi, Niigata",Niigata
38000,0,1998,2/5F,53.50,3DK Apartment,"Ogataku gankohamaJoetsu-shi,",Niigata
33000,0,1995,5/5F,53.08,3DK Apartment,"HidanomoriMyoko-shi, Niigata",Niigata
54550,0,2009,3/3F,20.81,1K Apartment,"Asakura teiKochi-shi,",Kochi
39000,0,1993,1/5F,53.08,3DK Apartment,"KusushimaShimanto-shi, Kochi",Kochi
26000,0,1976,5/5F,38.46,2DK Apartment,"TozuKochi-shi, Kochi",Kochi
33000,0,1979,5/5F,39.83,2DK Apartment,"HoeichoAki-shi, Kochi",Kochi
31000,0,1993,5/5F,53.08,3DK Apartment,"KusushimaShimanto-shi, Kochi",Kochi
31000,0,1993,3/5F,53.08,3DK Apartment,"KusushimaShimanto-shi, Kochi",Kochi
37000,0,1993,1/5F,53.08,3DK Apartment,"KusushimaShimanto-shi, Kochi",Kochi
32000,0,1993,4/5F,53.08,3DK Apartment,"KusushimaShimanto-shi, Kochi",Kochi
40000,0,1979,3/5F,53.96,3DK Apartment,"HoeichoAki-shi, Kochi",Kochi
30000,0,1979,5/5F,39.83,2DK Apartment,"HoeichoAki-shi, Kochi",Kochi
29000,0,1976,5/5F,38.46,2DK Apartment,"TozuKochi-shi, Kochi",Kochi
37000,0,1979,1/5F,39.83,2DK Apartment,"SaokaShimanto-shi, Kochi",Kochi
35000,0,1979,3/5F,53.96,3DK Apartment,"SaokaShimanto-shi, Kochi",Kochi
33000,0,1979,5/5F,39.83,1LDK Apartment,"SaokaShimanto-shi, Kochi",Kochi
32000,0,1979,5/5F,39.83,2DK Apartment,"SaokaShimanto-shi, Kochi",Kochi
40500,0,2006,1/2F,23.60,1K Apartment,"Hongo minamikataMiyazaki-shi,",Miyazaki
29500,0,2001,1/2F,23.18,1K Apartment,"AkaeMiyazaki-shi, Miyazaki",Miyazaki
34550,0,2010,1/2F,23.18,1K Apartment,"GakuenkihanadaisakuraMiyazaki-shi, Miyazaki",Miyazaki
40050,0,2001,2/2F,23.18,1K Apartment,"GakuenkihanadaisakuraMiyazaki-shi, Miyazaki",Miyazaki
54050,0,2004,1/2F,23.71,1K Apartment,"Kamezaki higashiHyuga-shi,",Miyazaki
50050,0,2010,4/4F,23.18,1K Apartment,"Tachibanadori higashiMiyazaki-shi,",Miyazaki
56050,0,2010,2/2F,46.83,2DK Apartment,"GendochoMiyazaki-shi, Miyazaki",Miyazaki
46550,0,2010,3/4F,23.18,1K Apartment,"Tachibanadori higashiMiyazaki-shi,",Miyazaki
42050,0,2005,2/2F,19.87,1K Apartment,"TsunehisaminamiMiyazaki-shi, Miyazaki",Miyazaki
45000,0,1976,5/5F,51.77,2LDK Apartment,"Otsukadai higashiMiyazaki-shi,",Miyazaki
37050,0,2006,2/2F,22.35,1K Apartment,"ShimanochiMiyazaki-shi, Miyazaki",Miyazaki
44000,0,1976,4/5F,51.77,3DK Apartment,"Otsukadai higashiMiyazaki-shi,",Miyazaki
81000,0,1985,4/5F,14.48,1R Apartment,"TobechoYokohama-shi Nishi-ku,",Kanagawa
150000,0,2004,13/13F,43.71,1R Apartment,"ShinyokohamaYokohama-shi Kohoku-ku,",Kanagawa
190000,100000,2000,6/6F,28.80,1LDK Apartment,"YamashitachoYokohama-shi Naka-ku,",Kanagawa
71000,0,1965,1/4F,57.96,3DK Apartment,"ShimokuzawaSagamihara-shi Chuo-ku,",Kanagawa
82000,0,1967,2/5F,57.96,3DK Apartment,"SugetachoYokohama-shi Kanagawa-ku,",Kanagawa
55000,0,2013,1/2F,17.83,1R Serviced Apartment,"TakigashiraYokohama-shi Isogo-ku,",Kanagawa
68000,0,1995,2/3F,13.60,Shared Guesthouse,"GumyojichoYokohama-shi Minami-ku,",Kanagawa
57000,0,1964,1/4F,24.60,1K Apartment,"TebiroKamakura-shi, Kanagawa",Kanagawa
98000,98000,1990,4/4F,43.00,1LDK Apartment,"ShimosueyoshiYokohama-shi Tsurumi-ku,",Kanagawa
57550,0,2008,1/2F,19.87,1K Apartment,"IzumichoYokohama-shi Izumi-ku,",Kanagawa
48050,0,2010,1/2F,19.87,1K Apartment,"HoshigaokaSagamihara-shi Chuo-ku,",Kanagawa
64000,63000,1986,2/2F,34.78,2DK Apartment,"NoboritoKawasaki-shi Tama-ku,",Kanagawa
64550,0,2008,1/3F,20.81,1K Apartment,"ShinyoshidahigashiYokohama-shi Kohoku-ku,",Kanagawa
120000,115000,1988,2/5F,63.09,3LDK Apartment,"FujigaokaYokohama-shi Aoba-ku,",Kanagawa
60550,0,2008,2/3F,19.87,1K Apartment,"BesshiyoYokohama-shi Minami-ku,",Kanagawa
65550,0,2009,1/2F,20.28,1K Apartment,"YoshidachoYokohama-shi Totsuka-ku,",Kanagawa
58550,0,2007,1/2F,19.87,1K Apartment,"JonanFujisawa-shi, Kanagawa",Kanagawa
62000,0,1980,3/3F,28.35,1DK Apartment,"MaganechoYokohama-shi Minami-ku,",Kanagawa
57550,0,2009,1/2F,19.87,1K Apartment,"SugaoKawasaki-shi Miyamae-ku,",Kanagawa
64550,0,2008,3/3F,20.81,1K Apartment,"KugenumaFujisawa-shi, Kanagawa",Kanagawa
74550,0,2009,1/4F,20.81,1K Apartment,"IkegamishinchoKawasaki-shi Kawasaki-ku,",Kanagawa
48550,0,2002,1/2F,19.87,1K Apartment,"TsukuiYokosuka-shi, Kanagawa",Kanagawa
59000,55000,1998,1/2F,52.99,2DK Apartment,"YodaFujisawa-shi, Kanagawa",Kanagawa
46000,0,2006,2/3F,25.50,1K Apartment,"KamimizoSagamihara-shi Chuo-ku,",Kanagawa
69550,0,2009,1/2F,23.18,1K Apartment,"ShinyoshidahigashiYokohama-shi Kohoku-ku,",Kanagawa
60550,0,2007,3/3F,19.87,1K Apartment,"NoboritoKawasaki-shi Tama-ku,",Kanagawa
53000,50000,1986,2/5F,18.09,1K Apartment,"ShimonamikiKawasaki-shi Kawasaki-ku,",Kanagawa
64550,0,2011,1/2F,26.49,1K Apartment,"TerabunKamakura-shi, Kanagawa",Kanagawa
55000,50000,1988,2/5F,17.74,1R Apartment,Kizuki sumiyoshichoKawasaki-shi,Kanagawa
98000,93000,1988,6/6F,43.74,2DK Apartment,"TarumachiYokohama-shi Kohoku-ku,",Kanagawa
